,date,name,year,month,day,wday
0,2016-01-01,신정,2016,1,1,4
1,2016-02-07,설날,2016,2,7,6
2,2016-02-08,설날,2016,2,8,0
3,2016-02-09,설날,2016,2,9,1
4,2016-02-10,대체공휴일,2016,2,10,2
5,2016-03-01,삼일절,2016,3,1,1
6,2016-04-13,국회의원선거일,2016,4,13,2
7,2016-05-01,근로자의 날,2016,5,1,6
8,2016-05-05,어린이날,2016,5,5,3
9,2016-05-14,석가탄신일,2016,5,14,5
10,2016-06-06,현충일,2016,6,6,0
11,2016-08-15,광복절,2016,8,15,0
12,2016-09-14,추석,2016,9,14,2
13,2016-09-15,추석,2016,9,15,3
14,2016-09-16,추석,2016,9,16,4
15,2016-10-03,개천절,2016,10,3,0
16,2016-10-09,한글날,2016,10,9,6
17,2016-12-25,기독탄신일,2016,12,25,6
18,2017-01-01,신정,2017,1,1,6
19,2017-01-27,설날,2017,1,27,4
20,2017-01-28,설날,2017,1,28,5
21,2017-01-29,설날,2017,1,29,6
22,2017-01-30,대체공휴일,2017,1,30,0
23,2017-03-01,삼일절,2017,3,1,2
24,2017-05-01,근로자의 날,2017,5,1,0
25,2017-05-03,석가탄신일,2017,5,3,2
26,2017-05-05,어린이날,2017,5,5,4
27,2017-05-09,대통령선거일,2017,5,9,1
28,2017-06-06,현충일,2017,6,6,1
29,2017-08-15,광복절,2017,8,15,1
30,2017-10-02,임시공휴일,2017,10,2,0
31,2017-10-03,개천절,2017,10,3,1
32,2017-10-03,추석,2017,10,3,1
33,2017-10-04,추석,2017,10,4,2
34,2017-10-05,추석,2017,10,5,3
35,2017-10-06,대체공휴일,2017,10,6,4
36,2017-10-09,한글날,2017,10,9,0
37,2017-12-25,기독탄신일,2017,12,25,0
38,2018-01-01,1월1일,2018,1,1,0
39,2018-02-15,설날,2018,2,15,3
40,2018-02-16,설날,2018,2,16,4
41,2018-02-17,설날,2018,2,17,5
42,2018-03-01,삼일절,2018,3,1,3
43,2018-05-01,근로자의 날,2018,5,1,1
44,2018-05-05,어린이날,2018,5,5,5
45,2018-05-07,대체휴무일,2018,5,7,0
46,2018-05-22,부처님오신날,2018,5,22,1
47,2018-06-06,현충일,2018,6,6,2
48,2018-06-13,전국동시지방선거,2018,6,13,2
49,2018-08-15,광복절,2018,8,15,2
50,2018-09-23,추석,2018,9,23,6
51,2018-09-24,추석,2018,9,24,0
52,2018-09-25,추석,2018,9,25,1
53,2018-09-26,대체휴무일,2018,9,26,2
54,2018-10-03,개천절,2018,10,3,2
55,2018-10-09,한글날,2018,10,9,1
56,2018-12-25,기독탄신일,2018,12,25,1
57,2019-01-01,1월1일,2019,1,1,1
58,2019-02-04,설날,2019,2,4,0
59,2019-02-05,설날,2019,2,5,1
60,2019-02-06,설날,2019,2,6,2
61,2019-03-01,삼일절,2019,3,1,4
62,2019-05-01,근로자의 날,2019,5,1,2
63,2019-05-05,어린이날,2019,5,5,6
64,2019-05-06,대체공휴일,2019,5,6,0
65,2019-05-12,부처님오신날,2019,5,12,6
66,2019-06-06,현충일,2019,6,6,3
67,2019-08-15,광복절,2019,8,15,3
68,2019-09-12,추석,2019,9,12,3
69,2019-09-13,추석,2019,9,13,4
70,2019-09-14,추석,2019,9,14,5
71,2019-10-03,개천절,2019,10,3,3
72,2019-10-09,한글날,2019,10,9,2
73,2019-12-25,기독탄신일,2019,12,25,2
74,2020-01-01,1월1일,2020,1,1,2
75,2020-01-24,설날,2020,1,24,4
76,2020-01-25,설날,2020,1,25,5
77,2020-01-26,설날,2020,1,26,6
78,2020-01-27,설날,2020,1,27,0
79,2020-03-01,삼일절,2020,3,1,6
80,2020-04-15,제21대 국회의원선거,2020,4,15,2
81,2020-04-30,부처님오신날,2020,4,30,3
82,2020-05-01,근로자의 날,2020,5,1,4
83,2020-05-05,어린이날,2020,5,5,1
84,2020-06-06,현충일,2020,6,6,5
85,2020-08-15,광복절,2020,8,15,5
86,2020-08-17,임시공휴일,2020,8,17,0
87,2020-09-30,추석,2020,9,30,2
88,2020-10-01,추석,2020,10,1,3
89,2020-10-02,추석,2020,10,2,4
90,2020-10-03,개천절,2020,10,3,5
91,2020-10-09,한글날,2020,10,9,4
92,2020-12-25,기독탄신일,2020,12,25,4
93,2021-01-01,1월1일,2021,1,1,4
94,2021-02-11,설날,2021,2,11,3
95,2021-02-12,설날,2021,2,12,4
96,2021-02-13,설날,2021,2,13,5
97,2021-03-01,삼일절,2021,3,1,0
98,2021-05-01,근로자의 날,2021,5,1,5
99,2021-05-05,어린이날,2021,5,5,2
100,2021-05-19,부처님오신날,2021,5,19,2
101,2021-06-06,현충일,2021,6,6,6
102,2021-08-15,광복절,2021,8,15,6
103,2021-08-16,대체공휴일,2021,8,16,0
104,2021-09-20,추석,2021,9,20,0
105,2021-09-21,추석,2021,9,21,1
106,2021-09-22,추석,2021,9,22,2
107,2021-10-03,개천절,2021,10,3,6
108,2021-10-04,대체공휴일,2021,10,4,0
109,2021-10-09,한글날,2021,10,9,5
110,2021-10-11,대체공휴일,2021,10,11,0
111,2021-12-25,기독탄신일,2021,12,25,5
