index	alcohol	class
7001	9.9	999
1	9.4	0
2	9.8	0
3	9.99	999
6498	9.8	0
4	9.8	0
5	9.4	0
6	9.4	
7	9.4	0
8	10	0
9	9.5	0
10	9.9	999
6499	10.5	0
11	9.2	
12	10.5	0
13	9.9	0
14	9.1	0
15	9.2	0
16	9.2	0
17	10.5	0
18	9.3	0
19	9	0
20	9.2	
21	9.4	0
22	9.7	0
23	9.5	0
24	9.4	0
25	9.7	0
26	9.3	0
27	9.5	0
28	9.5	0
29	9.4	0
30	9.8	0
31	10.1	0
32	10.6	0
33	9.8	0
34	9.4	0
35	9.2	0
36	9.6	
37	10.8	0
38	9.7	0
39	9.8	0
40	10.5	0
41	10.5	0
42	9.3	0
43	10.5	0
44	10.3	0
45	9.5	0
46	13.1	0
47	9.2	0
48	9.5	0
49	9.2	0
50	9.2	0
51	9.2	0
52	9.4	0
53	9.4	0
54	9.4	0
55	10.2	0
56	9.5	0
57	9.6	0
58	9.4	0
59	10	0
60	9.4	0
61	9.2	0
62	9.3	0
63	9.5	0
64	9.8	0
65	10.9	0
66	10.9	0
67	9.6	0
68	10.7	0
69	10.7	0
70	10.5	0
71	9.5	0
72	9.5	0
73	9.5	0
74	9.2	0
75	9.6	0
76	10.5	0
77	10.5	0
78	10.7	0
79	10.1	0
80	9.1	0
81	9.2	0
82	9.4	0
83	9.1	0
84	9.4	0
85	10.3	0
86	10.1	0
87	9.9	0
88	9.6	0
89	9.5	0
90	9	0
91	9.5	0
92	9.9	0
93	9.8	0
94	9.6	0
95	10.5	0
96	12.9	0
97	10.7	0
98	9.2	0
99	9.8	0
100	9	0
101	10.2	0
102	10.4	0
103	9	0
104	9.2	0
105	9.4	0
106	9.2	0
107	9.3	0
108	9.3	0
109	9.6	0
110	9.3	0
111	9.5	0
112	9.8	0
113	9.8	0
114	9.7	0
115	9.5	0
116	10.5	0
117	10	0
118	9.4	0
119	10.9	0
120	9.2	0
121	9	0
122	10.9	0
123	9.2	0
124	9.5	0
125	9.5	0
126	9.4	0
127	10.9	0
128	10.9	0
129	10.5	0
130	9.4	0
131	9.4	0
132	13	0
133	13	0
134	9.8	0
135	9.9	0
136	9.6	0
137	9.5	0
138	9.2	0
139	9.5	0
140	9.5	0
141	9.6	0
142	9.5	0
143	14	0
144	9.4	0
145	14	0
146	9.4	0
147	10	0
148	9.3	0
149	10.2	0
150	10.5	0
151	10.3	0
152	9.4	0
153	10.1	0
154	10.1	0
155	10.5	0
156	10.5	0
157	10.5	0
158	10.5	0
159	9.3	0
160	9.3	0
161	9.6	0
162	9.2	0
163	10	0
164	9.4	0
165	9.4	0
166	9.5	0
167	10.2	0
168	9	0
169	10.4	0
170	9.5	0
171	9.1	0
172	9.2	0
173	9.2	0
174	11.5	0
175	9.5	0
176	9.5	0
177	9.5	0
178	10.5	0
179	9.6	0
180	9.5	0
181	9.5	0
182	9.3	0
183	9.3	0
184	9.3	0
185	9.3	0
186	9.7	0
187	9.2	0
188	9.7	0
189	9.5	0
190	9.5	0
191	9.4	0
192	9.8	0
193	9.5	0
194	9.7	0
195	9.7	0
196	9.4	0
197	10.2	0
198	10.1	0
199	13	0
200	11.4	0
201	10.3	0
202	9.3	0
203	9.5	0
204	9.2	0
205	9.2	0
206	10.8	0
207	10.8	0
208	9.3	0
209	9.4	0
210	10.5	0
211	12.4	0
212	10	0
213	10.2	0
214	10.1	0
215	9.8	0
216	10.5	0
217	11	0
218	9.1	0
219	9.7	0
220	9.5	0
221	9.4	0
222	9.4	0
223	9.5	0
224	10	0
225	10.4	0
226	10.5	0
227	9.5	0
228	9.8	0
229	10.5	0
230	11	0
231	12.2	0
232	9.9	0
233	9.6	0
234	11	0
235	9	0
236	9	0
237	9	0
238	9.2	0
239	9	0
240	9	0
241	9.3	0
242	10.9	0
243	9.8	0
244	9.2	0
245	9.2	0
246	9.9	0
247	9.5	0
248	9.3	0
249	9.8	0
250	9.9	0
251	10	0
252	9.9	0
253	10.5	0
254	9.5	0
255	9.9	0
256	9.3	0
257	9.2	0
258	9.2	0
259	9.4	0
260	10.5	0
261	9.3	0
262	9.4	0
263	10	0
264	9.3	0
265	10.9	0
266	10.2	0
267	9.8	0
268	12.8	0
269	9.4	0
270	10.1	0
271	10.7	0
272	10.1	0
273	10.1	0
274	9.4	0
275	9.4	0
276	10.7	0
277	9.4	0
278	10.1	0
279	12.6	0
280	10.5	0
281	9.3	0
282	9.9	0
283	9.1	0
284	10.5	0
285	9.8	0
286	9.8	0
287	10.3	0
288	10.3	0
289	10.6	0
290	9.2	0
291	10.6	0
292	10.5	0
293	10.3	0
294	10.1	0
295	9.5	0
296	9.5	0
297	9.9	0
298	9.6	0
299	9.7	0
300	9.6	0
301	10.7	0
302	10.1	0
303	10	0
304	9.5	0
305	9.2	0
306	9.3	0
307	9.4	0
308	9.5	0
309	9.5	0
310	9.5	0
311	9.3	0
312	9.4	0
313	9.5	0
314	9.4	0
315	11	0
316	11	0
317	10.1	0
318	10.4	0
319	11.5	0
320	10.4	0
321	11.5	0
322	9.7	0
323	9.3	0
324	9.5	0
325	9.2	0
326	9.2	0
327	11.5	0
328	11.5	0
329	9.7	0
330	9.5	0
331	12.5	0
332	12.5	0
333	9.4	0
334	11	0
335	11.7	0
336	12.2	0
337	12.5	0
338	10.3	0
339	11.5	0
340	9.8	0
341	9.2	0
342	11.3	0
343	9.8	0
344	9.8	0
345	10.7	0
346	9.9	0
347	12.3	0
348	12	0
349	10	0
350	9.4	0
351	9.9	0
352	9.4	0
353	9.3	0
354	13	0
355	11.9	0
356	12.8	0
357	11	0
358	11.7	0
359	10.4	0
360	9.8	0
361	9.4	0
362	9.9	0
363	10	0
364	10.2	0
365	10	0
366	11.8	0
367	10	0
368	9	0
369	9.4	0
370	12	0
371	9.9	0
372	8.7	0
373	10.6	0
374	9.2	0
375	10.8	0
376	11.8	0
377	11	0
378	12	0
379	13.3	0
380	10.8	0
381	9.4	0
382	10	0
383	9.4	0
384	9.4	0
385	9.2	0
386	9.7	0
387	9.2	0
388	9.6	0
389	9.2	0
390	10	0
391	12.9	0
392	10	0
393	9.5	0
394	9.1	0
395	9.9	0
396	13	0
397	9.9	0
398	11	0
399	11	0
400	9.4	0
401	9.9	0
402	10.8	0
403	10.5	0
404	10.5	0
405	9.1	0
406	10.1	0
407	10.8	0
408	10.8	0
409	11.3	0
410	9.6	0
411	9.5	0
412	9.5	0
413	9.3	0
414	11.7	0
415	9.5	0
416	9.3	0
417	11.7	0
418	10.5	0
419	10.4	0
420	9.9	0
421	11.8	0
422	12.3	0
423	10.9	0
424	11	0
425	10.9	0
426	12.3	0
427	11.4	0
428	10.6	0
429	9.3	0
430	10.4	0
431	11	0
432	9.2	0
433	12.8	0
434	9.5	0
435	9.9	0
436	9.5	0
437	10.2	0
438	11.2	0
439	9.9	0
440	9.3	0
441	9.8	0
442	11.3	0
443	11.2	0
444	11.6	0
445	12.5	0
446	10.1	0
447	10.5	0
448	11.2	0
449	10.2	0
450	10.8	0
451	10.8	0
452	9.1	0
453	10	0
454	11.2	0
455	11.1	0
456	13.4	0
457	10.3	0
458	9.6	0
459	11.2	0
460	9	0
461	11.3	0
462	9.3	0
463	11.8	0
464	9	0
465	9.2	0
466	9.7	0
467	11.5	0
468	14	0
469	9.2	0
470	9.8	0
471	10.6	0
472	11.4	0
473	10.4	0
474	10.6	0
475	9.4	0
476	10.2	0
477	9.7	0
478	11	0
479	10.2	0
480	10.1	0
481	9.2	0
482	11.7	0
483	9.4	0
484	9.4	0
485	13.4	0
486	10	0
487	10	0
488	10	0
489	10.8	0
490	10.2	0
491	10.6	0
492	13.3	0
493	13.4	0
494	11.6	0
495	12.1	0
496	11	0
497	9	0
498	11.1	0
499	11	0
500	11.6	0
501	9	0
502	12	0
503	12	0
504	10.9	0
505	10.8	0
506	12.5	0
507	10.8	0
508	9.5	0
509	10.2	0
510	11.4	0
511	9.5	0
512	10.2	0
513	9.7	0
514	11.8	0
515	11.8	0
516	9.3	0
517	11.9	0
518	8.4	0
519	11.7	0
520	11	0
521	10	0
522	9.1	0
523	9.8	0
524	9.4	0
525	9.5	0
526	9.9	0
527	11	0
528	11.4	0
529	8.7	0
530	9.4	0
531	10.3	0
532	10.3	0
533	10.3	0
534	12.8	0
535	10	0
536	10.3	0
537	9.4	0
538	10.7	0
539	12	0
540	11.2	0
541	9.6	0
542	11	0
543	9.9	0
544	11	0
545	8.4	0
546	9.1	0
547	9.5	0
548	10.7	0
549	10.4	0
550	9.4	0
551	9.5	0
552	10	0
553	10	0
554	11.5	0
555	11.1	0
556	11.1	0
557	11.7	0
558	11.1	0
559	11.7	0
560	12.7	0
561	11.4	0
562	9.2	0
563	9.2	0
564	10.1	0
565	12.7	0
566	11.4	0
567	9	0
568	9	0
569	10.7	0
570	11.7	0
571	11	0
572	11.7	0
573	10.4	0
574	9.6	0
575	10	0
576	10.2	0
577	10	0
578	9.5	0
579	9.8	0
580	9.8	0
581	9.6	0
582	9.6	0
583	9.2	0
584	9.9	0
585	10.7	0
586	9.6	0
587	10.6	0
588	9.3	0
589	14	0
590	10.5	0
591	9.7	0
592	11.5	0
593	9.7	0
594	9	0
595	9.5	0
596	9.3	0
597	9.3	0
598	10	0
599	9.8	0
600	9.3	0
601	10	0
602	9	0
603	9.3	0
604	9	0
605	9.1	0
606	9.2	0
607	12.2	0
608	10.5	0
609	10.4	0
610	12.7	0
611	9.2	0
612	9.4	0
613	10	0
614	9.8	0
615	10.2	0
616	9.7	0
617	9.7	0
618	9.8	0
619	10.2	0
620	9.3	0
621	9.4	0
622	9.4	0
623	9.5	0
624	12.1	0
625	10.2	0
626	10.2	0
627	9.1	0
628	9.1	0
629	9.3	0
630	9.3	0
631	9.3	0
632	9.5	0
633	10.5	0
634	11.3	0
635	9.5	0
636	9.7	0
637	9.4	0
638	9.4	0
639	10.2	0
640	10.3	0
641	9.4	0
642	9.5	0
643	9.4	0
644	9.5	0
645	9.4	0
646	10.1	0
647	10.1	0
648	11	0
649	11.2	0
650	11.3	0
651	9.6	0
652	11.2	0
653	14.9	0
654	12	0
655	9.5	0
656	9.4	0
657	9.6	0
658	10.5	0
659	9.6	0
660	11	0
661	9.6	0
662	9	0
663	9.6	0
664	10.2	0
665	10.2	0
666	9.7	0
667	9.5	0
668	9.2	0
669	11	0
670	9.2	0
671	10	0
672	9.5	0
673	9.5	0
674	9.5	0
675	9.3	0
676	10.2	0
677	9.3	0
678	9.9	0
679	10	0
680	9.6	0
681	9	0
682	10.2	0
683	9.8	0
684	11.3	0
685	9.4	0
686	11.3	0
687	9.1	0
688	9.7	0
689	9.4	0
690	9.4	0
691	10.7	0
692	9.8	0
693	9	0
694	9.4	0
695	9.4	0
696	12.8	0
697	9.5	0
698	9.5	0
699	9.7	0
700	10.8	0
701	10.1	0
702	9.5	0
703	9.4	0
704	9.6	0
705	9.7	0
706	9.9	0
707	10	0
708	10.5	0
709	11.6	0
710	10	0
711	10.1	0
712	9.5	0
713	9.4	0
714	9.4	0
715	9.8	0
716	9.2	0
717	9.4	0
718	10	0
719	9.6	0
720	9.5	0
721	9.6	0
722	9.2	0
723	10	0
724	9.5	0
725	11.2	0
726	10.4	0
727	11.1	0
728	9.5	0
729	9.5	0
730	12.7	0
731	9.6	0
732	11.5	0
733	9.6	0
734	9.5	0
735	9.3	0
736	9.5	0
737	9.5	0
738	9.3	0
739	9.2	0
740	9.3	0
741	11.5	0
742	9.5	0
743	9.2	0
744	10	0
745	9.5	0
746	9.5	0
747	9	0
748	9.4	0
749	9.6	0
750	9.5	0
751	9.5	0
752	9.5	0
753	9.4	0
754	9.5	0
755	9.1	0
756	10.7	0
757	11.2	0
758	9.8	0
759	9.8	0
760	9.2	0
761	9.7	0
762	9.6	0
763	10	0
764	9.6	0
765	9.5	0
766	9.5	0
767	9.4	0
768	9.5	0
769	9.7	0
770	9.6	0
771	9.7	0
772	9.4	0
773	9.4	0
774	9.5	0
775	9.5	0
776	10	0
777	10.3	0
778	10.3	0
779	10.5	0
780	9.8	0
781	9.4	0
782	9.8	0
783	10	0
784	9.8	0
785	9.8	0
786	9.5	0
787	9.5	0
788	10.1	0
789	10.1	0
790	9.3	0
791	9.7	0
792	9.6	0
793	9.7	0
794	10.8	0
795	12.5	0
796	10.2	0
797	9.6	0
798	10.8	0
799	10.7	0
800	10.7	0
801	9.4	0
802	10	0
803	12.9	0
804	9.6	0
805	9.9	0
806	12.8	0
807	12.5	0
808	12.8	0
809	9.2	0
810	10.3	0
811	10.5	0
812	10.9	0
813	10.8	0
814	11.4	0
815	11.3	0
816	10.8	0
817	10.5	0
818	11.9	0
819	9.4	0
820	9.6	0
821	9.7	0
822	14	0
823	9.8	0
824	9.8	0
825	10.3	0
826	10.7	0
827	11	0
828	10.7	0
829	12.7	0
830	11.1	0
831	10.9	0
832	11.1	0
833	9.9	0
834	9.9	0
835	9.4	0
836	9.3	0
837	11.7	0
838	11.7	0
839	11.2	0
840	10	0
841	12.1	0
842	10.3	0
843	10.9	0
844	9.4	0
845	10.6	0
846	9.8	0
847	9.8	0
848	9.9	0
849	9.8	0
850	9.8	0
851	9.5	0
852	9.5	0
853	9.7	0
854	10.9	0
855	10.9	0
856	11.7	0
857	10.9	0
858	11.3	0
859	10.6	0
860	11.2	0
861	9.5	0
862	11.5	0
863	10.4	0
864	9.7	0
865	9.5	0
866	9.7	0
867	11.3	0
868	11.2	0
869	11.2	0
870	10.9	0
871	11.8	0
872	10.6	0
873	10	0
874	11.1	0
875	11.8	0
876	11.8	0
877	10.9	0
878	11.8	0
879	10	0
880	9.5	0
881	9.9	0
882	11.4	0
883	12	0
884	9.5	0
885	10	0
886	10.5	0
887	10.4	0
888	12.1	0
889	11.2	0
890	9.3	0
891	10.1	0
892	9.7	0
893	9.3	0
894	9.7	0
895	9.8	0
896	10.7	0
897	12.5	0
898	10.7	0
899	12.5	0
900	11	0
901	11.8	0
902	10.8	0
903	10.8	0
904	10.8	0
905	10.8	0
906	9.5	0
907	11	0
908	11.5	0
909	10.8	0
910	11.5	0
911	13.2	0
912	10.9	0
913	12.2	0
914	12.2	0
915	11.5	0
916	11.9	0
917	11	0
918	10.1	0
919	11	0
920	11.8	0
921	10.5	0
922	11	0
923	11.8	0
924	10.1	0
925	11.2	0
926	11	0
927	10.2	0
928	9.2	0
929	11.2	0
930	12	0
931	10.5	0
932	9.8	0
933	9.5	0
934	9.8	0
935	10.5	0
936	11.8	0
937	11.8	0
938	10.4	0
939	12.9	0
940	11.4	0
941	12.4	0
942	12.5	0
943	10	0
944	9.7	0
945	12.1	0
946	11.1	0
947	12	0
948	12.4	0
949	11.9	0
950	11.9	0
951	11.9	0
952	12.4	0
953	11.2	0
954	12.1	0
955	12.2	0
956	10.4	0
957	11.3	0
958	11.1	0
959	11.3	0
960	10	0
961	11.1	0
962	9.3	0
963	9.5	0
964	11.2	0
965	11.1	0
966	11	0
967	11.9	0
968	9.2	0
969	12.2	0
970	10.2	0
971	10.9	0
972	10.9	0
973	11.6	0
974	10.7	0
975	12.1	0
976	9.4	0
977	9.4	0
978	9.1	0
979	11.3	0
980	10.4	0
981	10.5	0
982	10	0
983	12.9	0
984	10.5	0
985	10.4	0
986	11.3	0
987	11.4	0
988	9.4	0
989	9.4	0
990	10.9	0
991	9.4	0
992	9.4	0
993	9.4	0
994	9.4	0
995	9.4	0
996	10.1	0
997	12.8	0
998	12.8	0
999	9.1	0
1000	12.9	0
1001	11.5	0
1002	10.6	0
1003	11.7	0
1004	12.8	0
1005	10.3	0
1006	12.8	0
1007	11.7	0
1008	11.7	0
1009	12	0
1010	10.9	0
1011	12.3	0
1012	10.4	0
1013	10	0
1014	10	0
1015	11.2	0
1016	11.4	0
1017	12.6	0
1018	12.7	0
1019	12.7	0
1020	10.4	0
1021	11.9	0
1022	11.9	0
1023	10.5	0
1024	12.3	0
1025	10.5	0
1026	10.4	0
1027	12.6	0
1028	11.6	0
1029	10.1	0
1030	10.5	0
1031	11.5	0
1032	11	0
1033	9.6	0
1034	10.4	0
1035	9.7	0
1036	10.6	0
1037	12.5	0
1038	9.2	0
1039	12.6	0
1040	11.1	0
1041	10.2	0
1042	9.8	0
1043	11.1	0
1044	10.9	0
1045	12.2	0
1046	11.4	0
1047	10.7	0
1048	10.4	0
1049	10.9	0
1050	10.8	0
1051	10.4	0
1052	9.2	0
1053	12.9	0
1054	12.7	0
1055	9.1	0
1056	9.1	0
1057	12.1	0
1058	9.1	0
1059	11.6	0
1060	12.1	0
1061	9.9	0
1062	12.5	0
1063	11.4	0
1064	11.8	0
1065	11.8	0
1066	10.2	0
1067	12.5	0
1068	10.9	0
1069	10.9	0
1070	10.8	0
1071	11.1	0
1072	9.2	0
1073	9.5	0
1074	10.7	0
1075	9.2	0
1076	10.2	0
1077	11.4	0
1078	11	0
1079	11	0
1080	12.3	0
1081	11.8	0
1082	12.3	0
1083	9.5	0
1084	12	0
1085	9.5	0
1086	9.6	0
1087	11.6	0
1088	11.2	0
1089	9.9	0
1090	9.9	0
1091	11.8	0
1092	11.4	0
1093	11.5	0
1094	12	0
1095	10.8	0
1096	10.5	0
1097	10.8	0
1098	9.4	0
1099	12.5	0
1100	9.4	0
1101	12.4	0
1102	12	0
1103	11.2	0
1104	12	0
1105	12.4	0
1106	12.8	0
1107	12.3	0
1108	11.7	0
1109	9.5	0
1110	10.8	0
1111	10	0
1112	12.3	0
1113	11	0
1114	9.5	0
1115	13.6	0
1116	11.3	0
1117	11.3	0
1118	11.3	0
1119	13.3	0
1120	12.9	0
1121	13.1	0
1122	12.3	0
1123	12.3	0
1124	11.2	0
1125	11.5	0
1126	11.3	0
1127	13.5	0
1128	11.5	0
1129	10	0
1130	10.5	0
1131	10.4	0
1132	9.5	0
1133	13.6	0
1134	11.2	0
1135	11.8	0
1136	11.9	0
1137	11.4	0
1138	11.4	0
1139	9.1	0
1140	9.5	0
1141	9.5	0
1142	11	0
1143	11.4	0
1144	10	0
1145	10.1	0
1146	10.4	0
1147	9.8	0
1148	11.8	0
1149	11.6	0
1150	12	0
1151	12.8	0
1152	12.5	0
1153	9.8	0
1154	11.1	0
1155	11.4	0
1156	9.8	0
1157	11.8	0
1158	12.9	0
1159	10.6	0
1160	10.8	0
1161	11.1	0
1162	10.2	0
1163	11.8	0
1164	10	0
1165	10	0
1166	9.4	0
1167	10.2	0
1168	12.4	0
1169	12	0
1170	11.5	0
1171	10.5	0
1172	10.8	0
1173	12.3	0
1174	9.5	0
1175	9.5	0
1176	11.5	0
1177	11.2	0
1178	12.7	0
1179	11.4	0
1180	11	0
1181	11	0
1182	11.4	0
1183	10.5	0
1184	9.3	0
1185	10.9	0
1186	11.9	0
1187	12.2	0
1188	11.9	0
1189	10.9	0
1190	9.6	0
1191	12.5	0
1192	10.8	0
1193	12.4	0
1194	10.8	0
1195	9.5	0
1196	9.5	0
1197	9.5	0
1198	9.8	0
1199	10.9	0
1200	9.5	0
1201	9.8	0
1202	11.2	0
1203	11.7	0
1204	9.4	0
1205	11	0
1206	11	0
1207	11	0
1208	10	0
1209	11	0
1210	11.2	0
1211	10.4	0
1212	9.3	0
1213	10.4	0
1214	10.5	0
1215	10.4	0
1216	11.3	0
1217	9.5	0
1218	12	0
1219	10.6	0
1220	10.9	0
1221	11.5	0
1222	11.5	0
1223	9.6	0
1224	12	0
1225	10.3	0
1226	9.4	0
1227	9.2	0
1228	9.6	0
1229	13.6	0
1230	9.5	0
1231	11.8	0
1232	10.8	0
1233	9.5	0
1234	9.3	0
1235	12.8	0
1236	11.5	0
1237	9.4	0
1238	12.8	0
1239	9.6	0
1240	11.8	0
1241	9.3	0
1242	9.8	0
1243	12.2	0
1244	9.5	0
1245	10.3	0
1246	10.5	0
1247	10	0
1248	10.5	0
1249	11.1	0
1250	10.9	0
1251	10.9	0
1252	9.8	0
1253	9.8	0
1254	9.5	0
1255	10.9	0
1256	11	0
1257	9.2	0
1258	11	0
1259	11.3	0
1260	11.3	0
1261	9.3	0
1262	11.2	0
1263	9.8	0
1264	9.6	0
1265	11.8	0
1266	10.3	0
1267	10.3	0
1268	11.4	0
1269	9.5	0
1270	14	0
1271	14	0
1272	11.7	0
1273	11.2	0
1274	9.3	0
1275	11.2	0
1276	9.5	0
1277	12	0
1278	9.7	0
1279	9.5	0
1280	11.5	0
1281	10.4	0
1282	10.4	0
1283	10.9	0
1284	10.2	0
1285	10.9	0
1286	10.5	0
1287	12.4	0
1288	13	0
1289	10.2	0
1290	10.2	0
1291	11	0
1292	10.9	0
1293	12.4	0
1294	9.7	0
1295	10.9	0
1296	9.5	0
1297	9.5	0
1298	12.1	0
1299	12.2	0
1300	10.9	0
1301	12.5	0
1302	11.7	0
1303	11.2	0
1304	11.2	0
1305	9.2	0
1306	9.8	0
1307	10.1	0
1308	11.1	0
1309	10.1	0
1310	9.2	0
1311	9.8	0
1312	12.8	0
1313	10.5	0
1314	10.1	0
1315	10.1	0
1316	9.8	0
1317	12.5	0
1318	11.9	0
1319	9.8	0
1320	9.1	0
1321	10.1	0
1322	12.5	0
1323	11.4	0
1324	11	0
1325	10.6	0
1326	10.6	0
1327	10.6	0
1328	10.6	0
1329	9.3	0
1330	9.8	0
1331	9.8	0
1332	9.2	0
1333	9.7	0
1334	9.6	0
1335	10	0
1336	12.6	0
1337	9.5	0
1338	9.5	0
1339	9.5	0
1340	10.5	0
1341	10.5	0
1342	10.5	0
1343	10.4	0
1344	10.5	0
1345	11	0
1346	10.2	0
1347	11.4	0
1348	9.5	0
1349	9.5	0
1350	10.8	0
1351	10	0
1352	11.8	0
1353	10.3	0
1354	10.3	0
1355	10	0
1356	10.1	0
1357	10.1	0
1358	11.1	0
1359	9.5	0
1360	10.03333333	0
1361	10.9	0
1362	10.1	0
1363	10.03333333	0
1364	9.8	0
1365	11.8	0
1366	9.5	0
1367	9.8	0
1368	10.5	0
1369	9.8	0
1370	10.4	0
1371	9.2	0
1372	11.6	0
1373	9.2	0
1374	9.3	0
1375	9.8	0
1376	9.9	0
1377	10	0
1378	12.2	0
1379	9.9	0
1380	10.8	0
1381	10.8	0
1382	9.6	0
1383	9.9	0
1384	9.9	0
1385	9.5	0
1386	9.2	0
1387	9.6	0
1388	9.6	0
1389	10.3	0
1390	9.7	0
1391	12.5	0
1392	11	0
1393	9.8	0
1394	10.2	0
1395	9.2	0
1396	9.55	0
1397	9.55	0
1398	9.9	0
1399	10.2	0
1400	11.1	0
1401	9.9	0
1402	9.9	0
1403	11.9	0
1404	10	0
1405	10.7	0
1406	11.3	0
1407	10.9	0
1408	10.7	0
1409	12.4	0
1410	10.7	0
1411	11.9	0
1412	10.6	0
1413	10.9	0
1414	10.1	0
1415	9.6	0
1416	9.4	0
1417	9.6	0
1418	12.1	0
1419	9.8	0
1420	9.9	0
1421	9.8	0
1422	9.4	0
1423	11.4	0
1424	11	0
1425	9.6	0
1426	9.6	0
1427	12.1	0
1428	11.2	0
1429	11	0
1430	11.3	0
1431	10.4	0
1432	9.9	0
1433	11.7	0
1434	10.1	0
1435	9	0
1436	9	0
1437	8.5	0
1438	11.1	0
1439	10.3	0
1440	11.06666667	0
1441	11.3	0
1442	9.566666667	0
1443	9.8	0
1444	11.7	0
1445	11.1	0
1446	9.6	0
1447	9.8	0
1448	9.7	0
1449	9.7	0
1450	11.3	0
1451	11.3	0
1452	11	0
1453	11.6	0
1454	9	0
1455	10.9	0
1456	10.9	0
1457	10.55	0
1458	9	0
1459	10.5	0
1460	11.9	0
1461	10.4	0
1462	10	0
1463	10.4	0
1464	10.8	0
1465	9.7	0
1466	9.7	0
1467	10	0
1468	11	0
1469	10	0
1470	9.7	0
1471	9.7	0
1472	12.6	0
1473	11.1	0
1474	11	0
1475	8.8	0
1476	13.56666667	0
1477	8.8	0
1478	13.6	0
1479	10.2	0
1480	10.6	0
1481	10.1	0
1482	10.6	0
1483	10.3	0
1484	10.7	0
1485	10.9	0
1486	9.7	0
1487	10.3	0
1488	10.6	0
1489	11.4	0
1490	10.8	0
1491	12.4	0
1492	11.4	0
1493	11.95	0
1494	9.7	0
1495	10	0
1496	10.6	0
1497	9.7	0
1498	11.5	0
1499	10.8	0
1500	11.5	0
1501	9.6	0
1502	9.4	0
1503	9.8	0
1504	11	0
1505	11.4	0
1506	9.95	0
1507	10.8	0
1508	11.4	0
1509	10.6	0
1510	11.1	0
1511	9.7	0
1512	9.8	0
1513	10.4	0
1514	10.5	0
1515	9.233333333	0
1516	9.25	0
1517	10.6	0
1518	10.3	0
1519	10.5	0
1520	10.2	0
1521	10.3	0
1522	9.05	0
1523	10.6	0
1524	10.4	0
1525	10	0
1526	9.7	0
1527	9.6	0
1528	10.8	0
1529	10.1	0
1530	10.2	0
1531	11.3	0
1532	10.2	0
1533	9.9	0
1534	9	0
1535	11.7	0
1536	9.7	0
1537	10.3	0
1538	10.2	0
1539	12	0
1540	9.9	0
1541	11.6	0
1542	10.9	0
1543	10.75	0
1544	10.4	0
1545	11.2	0
1546	10.1	0
1547	10.2	0
1548	12.1	0
1549	10.4	0
1550	11.4	0
1551	9.5	0
1552	9.4	0
1553	11.3	0
1554	9.4	0
1555	11	0
1556	10.55	0
1557	9.9	0
1558	11	0
1559	9.5	0
1560	9.9	0
1561	9.9	0
1562	9.9	0
1563	10.1	0
1564	10.1	0
1565	10.1	0
1566	10.9	0
1567	11.2	0
1568	10.1	0
1569	9.2	0
1570	11.5	0
1571	12.4	0
1572	11.1	0
1573	9.5	0
1574	12.5	0
1575	10.5	0
1576	11.8	0
1577	10.8	0
1578	11.9	0
1579	11.3	0
1580	11.3	0
1581	11.9	0
1582	11.3	0
1583	11.9	0
1584	9.8	0
1585	11.6	0
1586	11.5	0
1587	11.4	0
1588	10.9	0
1589	12.8	0
1590	9.2	0
1591	11.6	0
1592	11.6	0
1593	11	0
1594	9.5	0
1595	10.5	0
1596	11.2	0
1597	11	0
1598	10.2	0
1599	11	0
1600	8.8	1
1601	9.5	1
1602	10.1	1
1603	9.9	1
1604	9.9	1
1605	10.1	1
1606	9.6	1
1607	8.8	1
1608	9.5	1
1609	11	1
1610	12	1
1611	9.7	1
1612	10.8	1
1613	12.4	1
1614	9.7	1
1615	11.4	1
1616	9.6	1
1617	12.8	1
1618	11.3	1
1619	9.5	1
1620	12.8	1
1621	11	1
1622	10.5	1
1623	9.3	1
1624	10	1
1625	10.4	1
1626	10	1
1627	10.5	1
1628	11.6	1
1629	12.3	1
1630	10	1
1631	10.2	1
1632	10.8	1
1633	9	1
1634	10.2	1
1635	12.8	1
1636	10	1
1637	11.2	1
1638	8.6	1
1639	8.6	1
1640	9.4	1
1641	9.4	1
1642	9.8	1
1643	9.5	1
1644	9.5	1
1645	10	1
1646	9.8	1
1647	9.8	1
1648	9.8	1
1649	9.8	1
1650	11.7	1
1651	11	1
1652	10.9	1
1653	10.9	1
1654	9.1	1
1655	11	1
1656	9.6	1
1657	8.9	1
1658	10.2	1
1659	9.9	1
1660	8.6	1
1661	8.9	1
1662	10.5	1
1663	10.2	1
1664	10.3	1
1665	9.1	1
1666	12.6	1
1667	9.8	1
1668	10.7	1
1669	9.5	1
1670	9	1
1671	9.5	1
1672	10	1
1673	9.1	1
1674	10.7	1
1675	9.5	1
1676	12.7	1
1677	12	1
1678	9.3	1
1679	9	1
1680	10.6	1
1681	9.2	1
1682	10	1
1683	9.5	1
1684	8.7	1
1685	8.7	1
1686	8.7	1
1687	9.7	1
1688	8.7	1
1689	8.7	1
1690	8.7	1
1691	9	1
1692	12.6	1
1693	12.6	1
1694	11.5	1
1695	9.2	1
1696	8.8	1
1697	11.4	1
1698	10.1	1
1699	8.8	1
1700	9.1	1
1701	9.4	1
1702	9.4	1
1703	9	1
1704	9.1	1
1705	9.2	1
1706	9.4	1
1707	9.1	1
1708	9.1	1
1709	10.3	1
1710	8.8	1
1711	8.9	1
1712	9.2	1
1713	9.1	1
1714	9.1	1
1715	9.7	1
1716	11.3	1
1717	11.8	1
1718	9.2	1
1719	9.2	1
1720	10.2	1
1721	8.8	1
1722	9.7	1
1723	9.1	1
1724	9.8	1
1725	11	1
1726	10.5	1
1727	9.7	1
1728	10.9	1
1729	10.9	1
1730	10.6	1
1731	9.7	1
1732	9	1
1733	9.2	1
1734	8.9	1
1735	9.6	1
1736	10.7	1
1737	8.7	1
1738	10.8	1
1739	11.8	1
1740	10.2	1
1741	8.7	1
1742	10.8	1
1743	9.7	1
1744	11.2	1
1745	10.9	1
1746	10.1	1
1747	9	1
1748	12	1
1749	9.4	1
1750	11.5	1
1751	9.9	1
1752	9.4	1
1753	10.4	1
1754	9.7	1
1755	8.9	1
1756	8.9	1
1757	12.4	1
1758	12.1	1
1759	12.1	1
1760	12.4	1
1761	9.1	1
1762	10.6	1
1763	8.9	1
1764	9.5	1
1765	9.8	1
1766	9.6	1
1767	12.6	1
1768	9.3	1
1769	10	1
1770	12.7	1
1771	11	1
1772	11.4	1
1773	11.5	1
1774	10.2	1
1775	11.4	1
1776	12.6	1
1777	9.4	1
1778	8.7	1
1779	9.2	1
1780	9.3	1
1781	9.2	1
1782	8.7	1
1783	9.6	1
1784	9.3	1
1785	9.3	1
1786	9.9	1
1787	11	1
1788	12.7	1
1789	8.9	1
1790	8.9	1
1791	8.7	1
1792	11.4	1
1793	9.6	1
1794	9.1	1
1795	9.1	1
1796	9.1	1
1797	8.9	1
1798	8.8	1
1799	8.9	1
1800	9.3	1
1801	8.8	1
1802	9.6	1
1803	12	1
1804	10.2	1
1805	8.8	1
1806	9.2	1
1807	9.9	1
1808	10.2	1
1809	9.5	1
1810	10.5	1
1811	11.2	1
1812	9.2	1
1813	9.7	1
1814	11.1	1
1815	9.4	1
1816	11	1
1817	9.4	1
1818	9.4	1
1819	11	1
1820	11	1
1821	9.1	1
1822	11.1	1
1823	9.1	1
1824	10.4	1
1825	8.7	1
1826	9.7	1
1827	9.1	1
1828	9.7	1
1829	8.7	1
1830	8.9	1
1831	9.6	1
1832	9.5	1
1833	9	1
1834	9	1
1835	9	1
1836	9	1
1837	9.6	1
1838	11.1	1
1839	9.6	1
1840	8.7	1
1841	10.4	1
1842	11.4	1
1843	9.7	1
1844	8.7	1
1845	11.3	1
1846	12.6	1
1847	10.9	1
1848	10.9	1
1849	10	1
1850	10	1
1851	9.8	1
1852	8.7	1
1853	11.7	1
1854	9.3	1
1855	9.6	1
1856	11	1
1857	11	1
1858	11.8	1
1859	11.4	1
1860	10.2	1
1861	8.9	1
1862	10.2	1
1863	9.6	1
1864	10.6	1
1865	8.9	1
1866	9.2	1
1867	9.7	1
1868	9.7	1
1869	9.7	1
1870	9.2	1
1871	9.7	1
1872	9.3	1
1873	9	1
1874	9.5	1
1875	9.8	1
1876	9.8	1
1877	10.6	1
1878	10.6	1
1879	12.4	1
1880	12.6	1
1881	12.3	1
1882	10.5	1
1883	9.3	1
1884	8.8	1
1885	8.8	1
1886	9.7	1
1887	9	1
1888	9	1
1889	9	1
1890	9	1
1891	10.5	1
1892	9.1	1
1893	9.8	1
1894	8.5	1
1895	9.4	1
1896	9.4	1
1897	11.2	1
1898	10	1
1899	10.3	1
1900	10.8	1
1901	10.5	1
1902	10.8	1
1903	11.1	1
1904	9.9	1
1905	9.9	1
1906	9.9	1
1907	9.9	1
1908	10.4	1
1909	10.4	1
1910	11.5	1
1911	12.5	1
1912	10	1
1913	10	1
1914	10	1
1915	9.1	1
1916	10.6	1
1917	10.5	1
1918	11.5	1
1919	10.1	1
1920	10.3	1
1921	10.5	1
1922	10.6	1
1923	10.4	1
1924	11.4	1
1925	10.5	1
1926	10	1
1927	10	1
1928	9.6	1
1929	10.4	1
1930	12.5	1
1931	10.6	1
1932	11.8	1
1933	9.8	1
1934	10.8	1
1935	11.8	1
1936	11.2	1
1937	9.3	1
1938	10.4	1
1939	10.2	1
1940	9	1
1941	10	1
1942	9.1	1
1943	10	1
1944	10	1
1945	9.6	1
1946	11.2	1
1947	8.8	1
1948	10	1
1949	10	1
1950	11.4	1
1951	11.9	1
1952	9.6	1
1953	11.9	1
1954	9.6	1
1955	9	1
1956	9	1
1957	9.5	1
1958	10.4	1
1959	10.6	1
1960	10.2	1
1961	8.9	1
1962	9.7	1
1963	9	1
1964	11.4	1
1965	12.3	1
1966	10.8	1
1967	9.4	1
1968	10.6	1
1969	11.6	1
1970	9.4	1
1971	10.6	1
1972	10	1
1973	9.2	1
1974	12.5	1
1975	12.5	1
1976	10.4	1
1977	10	1
1978	10	1
1979	10.4	1
1980	10	1
1981	9	1
1982	9.2	1
1983	9.2	1
1984	11.3	1
1985	12.5	1
1986	10.8	1
1987	10.1	1
1988	9.7	1
1989	9.3	1
1990	9.3	1
1991	10.6	1
1992	10.2	1
1993	12.2	1
1994	8.8	1
1995	10	1
1996	11.4	1
1997	11.4	1
1998	9.4	1
1999	11.7	1
2000	11.4	1
2001	8.8	1
2002	9.2	1
2003	8.7	1
2004	12.6	1
2005	10	1
2006	12.8	1
2007	9.4	1
2008	10.3	1
2009	11.4	1
2010	9	1
2011	9.6	1
2012	10.5	1
2013	10.5	1
2014	9	1
2015	9.6	1
2016	9.8	1
2017	9	1
2018	9.8	1
2019	10.5	1
2020	12.7	1
2021	10.4	1
2022	10.4	1
2023	10.4	1
2024	10.5	1
2025	10.4	1
2026	10.4	1
2027	9.4	1
2028	9.1	1
2029	9.3	1
2030	9.4	1
2031	9.8	1
2032	9.9	1
2033	9.2	1
2034	12.1	1
2035	12.2	1
2036	9.8	1
2037	12.4	1
2038	9.9	1
2039	9.2	1
2040	11.6	1
2041	10.4	1
2042	12.9	1
2043	9.3	1
2044	11	1
2045	11.5	1
2046	12.4	1
2047	9.8	1
2048	9.8	1
2049	10.5	1
2050	9.1	1
2051	10.1	1
2052	10.6	1
2053	10.5	1
2054	10.5	1
2055	9.8	1
2056	12.9	1
2057	9.5	1
2058	9.8	1
2059	8.5	1
2060	9.5	1
2061	9.3	1
2062	9.5	1
2063	9.4	1
2064	8.7	1
2065	8.9	1
2066	9.4	1
2067	9.4	1
2068	8.7	1
2069	9.6	1
2070	9.3	1
2071	10	1
2072	12.5	1
2073	9.6	1
2074	9.4	1
2075	9.5	1
2076	12.4	1
2077	10.5	1
2078	9.2	1
2079	10.4	1
2080	9.2	1
2081	10.6	1
2082	9.5	1
2083	9.2	1
2084	9.6	1
2085	9.7	1
2086	9.7	1
2087	10.7	1
2088	10.5	1
2089	8.9	1
2090	12.1	1
2091	12.7	1
2092	9.9	1
2093	11.4	1
2094	10.7	1
2095	12.5	1
2096	8.6	1
2097	12.5	1
2098	10	1
2099	8.6	1
2100	9.5	1
2101	9.6	1
2102	9.9	1
2103	9.9	1
2104	8.9	1
2105	8.9	1
2106	8.8	1
2107	10	1
2108	12	1
2109	10	1
2110	10	1
2111	12.1	1
2112	11	1
2113	11.2	1
2114	10.3	1
2115	10.4	1
2116	9.1	1
2117	10.4	1
2118	10.8	1
2119	11.7	1
2120	9.8	1
2121	9.8	1
2122	11.4	1
2123	11.2	1
2124	11.4	1
2125	9.2	1
2126	12.5	1
2127	12.6	1
2128	12.2	1
2129	11.2	1
2130	9.7	1
2131	9.3	1
2132	9	1
2133	9	1
2134	9	1
2135	9.1	1
2136	9.1	1
2137	9	1
2138	10.4	1
2139	9.5	1
2140	11.4	1
2141	8.7	1
2142	9.9	1
2143	9.9	1
2144	9	1
2145	10	1
2146	9.7	1
2147	11.8	1
2148	10.2	1
2149	8.7	1
2150	9.6	1
2151	11.3	1
2152	12.1	1
2153	9.6	1
2154	12.1	1
2155	11.3	1
2156	9.4	1
2157	10.4	1
2158	9.5	1
2159	12.3	1
2160	9.9	1
2161	10.1	1
2162	9.2	1
2163	10.4	1
2164	9.1	1
2165	10	1
2166	11.5	1
2167	9.8	1
2168	9.8	1
2169	9.4	1
2170	8.7	1
2171	11.6	1
2172	8.8	1
2173	12.7	1
2174	11.7	1
2175	10.2	1
2176	10.2	1
2177	12.7	1
2178	11.6	1
2179	12.3	1
2180	8.7	1
2181	9.4	1
2182	10.1	1
2183	9.7	1
2184	10.1	1
2185	9.7	1
2186	8.9	1
2187	10.8	1
2188	10.8	1
2189	9.5	1
2190	9.1	1
2191	10.9	1
2192	9.4	1
2193	10.8	1
2194	10.8	1
2195	10.5	1
2196	9.4	1
2197	10.8	1
2198	10.5	1
2199	11.5	1
2200	9.4	1
2201	10.8	1
2202	10.8	1
2203	10.8	1
2204	9.8	1
2205	9.8	1
2206	9.6	1
2207	9.6	1
2208	9.5	1
2209	10.7	1
2210	12.4	1
2211	11.1	1
2212	8.8	1
2213	8.7	1
2214	8.7	1
2215	8.8	1
2216	11.7	1
2217	10.9	1
2218	10.8	1
2219	9.6	1
2220	9	1
2221	9	1
2222	10.4	1
2223	11.4	1
2224	9.3	1
2225	11	1
2226	9.1	1
2227	9.4	1
2228	9.4	1
2229	10.5	1
2230	8.8	1
2231	8.8	1
2232	10.7	1
2233	9.5	1
2234	10.9	1
2235	10.8	1
2236	10.8	1
2237	9.2	1
2238	10.3	1
2239	10.3	1
2240	11	1
2241	9	1
2242	10.4	1
2243	9.5	1
2244	9.5	1
2245	9	1
2246	9.5	1
2247	9	1
2248	10	1
2249	9.1	1
2250	9.1	1
2251	9.1	1
2252	9.1	1
2253	9.5	1
2254	11.4	1
2255	12.2	1
2256	11.3	1
2257	10.2	1
2258	11.3	1
2259	10	1
2260	9.4	1
2261	12.2	1
2262	9.2	1
2263	9.4	1
2264	9.6	1
2265	9.5	1
2266	12.5	1
2267	9.6	1
2268	10	1
2269	9.3	1
2270	9.3	1
2271	11.6	1
2272	12.5	1
2273	10.6	1
2274	9.4	1
2275	9.1	1
2276	9	1
2277	11.8	1
2278	11.8	1
2279	11.8	1
2280	10	1
2281	9.7	1
2282	9.5	1
2283	9.4	1
2284	11.2	1
2285	9	1
2286	10.7	1
2287	9	1
2288	9.1	1
2289	10.8	1
2290	10.1	1
2291	9.9	1
2292	9.8	1
2293	9.8	1
2294	9.5	1
2295	9.5	1
2296	11.1	1
2297	9.5	1
2298	9.5	1
2299	9.4	1
2300	9.7	1
2301	13.9	1
2302	10.1	1
2303	10.5	1
2304	12.6	1
2305	10.9	1
2306	10	1
2307	11.2	1
2308	10	1
2309	9.2	1
2310	9.5	1
2311	12.3	1
2312	12.3	1
2313	10	1
2314	10.8	1
2315	10.5	1
2316	9.2	1
2317	9.1	1
2318	10.5	1
2319	10.2	1
2320	8.9	1
2321	10.4	1
2322	11.7	1
2323	12.4	1
2324	10.9	1
2325	10.2	1
2326	11.7	1
2327	9.4	1
2328	10.5	1
2329	9.4	1
2330	10.4	1
2331	9.5	1
2332	11.1	1
2333	9.1	1
2334	9.2	1
2335	9.6	1
2336	9.1	1
2337	9.2	1
2338	10.8	1
2339	9.6	1
2340	12.6	1
2341	11	1
2342	10.2	1
2343	9.4	1
2344	10	1
2345	12.2	1
2346	10.5	1
2347	11.5	1
2348	9.8	1
2349	11.4	1
2350	11.5	1
2351	10.2	1
2352	9.4	1
2353	10.5	1
2354	9.1	1
2355	12.2	1
2356	9.5	1
2357	9.3	1
2358	9.8	1
2359	9.8	1
2360	9.8	1
2361	9.8	1
2362	8.7	1
2363	10.2	1
2364	9.5	1
2365	11	1
2366	9.2	1
2367	10.9	1
2368	9.3	1
2369	9.3	1
2370	9.8	1
2371	9.3	1
2372	9.3	1
2373	9.4	1
2374	10.4	1
2375	12.1	1
2376	11	1
2377	9	1
2378	9.5	1
2379	8.8	1
2380	11.2	1
2381	9.3	1
2382	9.5	1
2383	8.8	1
2384	9	1
2385	9.3	1
2386	9.2	1
2387	9.2	1
2388	10	1
2389	9.3	1
2390	9.2	1
2391	10.9	1
2392	10	1
2393	10.9	1
2394	9.3	1
2395	9	1
2396	9.2	1
2397	9.6	1
2398	9.4	1
2399	11.1	1
2400	8.9	1
2401	9.3	1
2402	9.3	1
2403	9.8	1
2404	9.8	1
2405	8.9	1
2406	9.6	1
2407	9.6	1
2408	9	1
2409	9.5	1
2410	9.3	1
2411	9.2	1
2412	9.1	1
2413	9.5	1
2414	10.5	1
2415	9	1
2416	11.7	1
2417	9.1	1
2418	9	1
2419	9.1	1
2420	12.4	1
2421	9.2	1
2422	9.4	1
2423	9.6	1
2424	11.7	1
2425	9.8	1
2426	10.2	1
2427	12.5	1
2428	10.9	1
2429	11	1
2430	10.5	1
2431	11.5	1
2432	12.8	1
2433	12.2	1
2434	10.5	1
2435	12.8	1
2436	11.9	1
2437	11.9	1
2438	11.9	1
2439	12	1
2440	12	1
2441	8.8	1
2442	8.8	1
2443	10.8	1
2444	11	1
2445	11	1
2446	9.3	1
2447	10.8	1
2448	8.8	1
2449	11.5	1
2450	10.8	1
2451	9.4	1
2452	9.5	1
2453	8.6	1
2454	9.5	1
2455	10.3	1
2456	9.4	1
2457	9.4	1
2458	10	1
2459	9.4	1
2460	10.4	1
2461	9.1	1
2462	9.9	1
2463	12.1	1
2464	9.9	1
2465	12.5	1
2466	9.5	1
2467	8.5	1
2468	9	1
2469	10.1	1
2470	9.4	1
2471	8.6	1
2472	10.7	1
2473	9.6	1
2474	10.1	1
2475	10	1
2476	12.7	1
2477	10.2	1
2478	8.9	1
2479	11.9	1
2480	10	1
2481	9.9	1
2482	11.5	1
2483	11.5	1
2484	9.8	1
2485	12.2	1
2486	11.4	1
2487	11	1
2488	11.4	1
2489	11	1
2490	9.9	1
2491	11	1
2492	9.4	1
2493	12.2	1
2494	11	1
2495	10.3	1
2496	10.5	1
2497	10.5	1
2498	10.9	1
2499	10.5	1
2500	11	1
2501	9.7	1
2502	8.9	1
2503	9.6	1
2504	8.8	1
2505	11.1	1
2506	10.3	1
2507	12.2	1
2508	9.8	1
2509	8.8	1
2510	9.9	1
2511	9.9	1
2512	9.9	1
2513	9.2	1
2514	9.5	1
2515	9.2	1
2516	10.3	1
2517	11	1
2518	11.9	1
2519	10.2	1
2520	9.4	1
2521	8.9	1
2522	8.9	1
2523	10	1
2524	10.7	1
2525	9.8	1
2526	9.3	1
2527	9.5	1
2528	10	1
2529	9	1
2530	11.9	1
2531	8.9	1
2532	10	1
2533	9.6	1
2534	8.9	1
2535	8.9	1
2536	11.4	1
2537	9	1
2538	10	1
2539	9.6	1
2540	9.7	1
2541	9.5	1
2542	10	1
2543	12.2	1
2544	8.7	1
2545	10.2	1
2546	9.6	1
2547	10	1
2548	9.5	1
2549	11.5	1
2550	9.5	1
2551	9.8	1
2552	10.1	1
2553	10	1
2554	9.8	1
2555	9.5	1
2556	9.5	1
2557	10.2	1
2558	10.2	1
2559	9	1
2560	9	1
2561	12.3	1
2562	9	1
2563	11.6	1
2564	9.5	1
2565	11.5	1
2566	9.6	1
2567	9	1
2568	12	1
2569	11.4	1
2570	12.3	1
2571	12.6	1
2572	9	1
2573	12	1
2574	11.7	1
2575	9.2	1
2576	10.3	1
2577	8.6	1
2578	10.7	1
2579	9.8	1
2580	9.8	1
2581	10.7	1
2582	12.5	1
2583	11.9	1
2584	10.8	1
2585	10.5	1
2586	10.3	1
2587	10.3	1
2588	10.8	1
2589	12	1
2590	10.2	1
2591	10.2	1
2592	9.9	1
2593	10.1	1
2594	9.5	1
2595	10.5	1
2596	10.4	1
2597	9.5	1
2598	9.2	1
2599	10.1	1
2600	9.8	1
2601	9.4	1
2602	9.4	1
2603	10.4	1
2604	11.3	1
2605	10.8	1
2606	11.3	1
2607	9.3	1
2608	10.3	1
2609	10.5	1
2610	10.3	1
2611	11.2	1
2612	10.3	1
2613	9.5	1
2614	8.9	1
2615	10.2	1
2616	9.2	1
2617	10.3	1
2618	10.5	1
2619	9.5	1
2620	11.4	1
2621	11.4	1
2622	11.1	1
2623	10.5	1
2624	12	1
2625	9.7	1
2626	10.2	1
2627	9.5	1
2628	10.4	1
2629	9.3	1
2630	10.5	1
2631	10	1
2632	10.2	1
2633	10.2	1
2634	9.1	1
2635	10.2	1
2636	10.7	1
2637	9.7	1
2638	9.3	1
2639	11	1
2640	10.8	1
2641	10.7	1
2642	10.7	1
2643	8.8	1
2644	10.9	1
2645	10.5	1
2646	10	1
2647	10.4	1
2648	9.2	1
2649	12.6	1
2650	9	1
2651	9.2	1
2652	11.3	1
2653	10.3	1
2654	10.4	1
2655	10	1
2656	10.7	1
2657	9	1
2658	10.7	1
2659	8.7	1
2660	11.6	1
2661	9.4	1
2662	9.5	1
2663	9.5	1
2664	10.9	1
2665	9.7	1
2666	9.1	1
2667	11.1	1
2668	12.6	1
2669	11	1
2670	11.3	1
2671	9.7	1
2672	10.9	1
2673	10.9	1
2674	9.3	1
2675	12.7	1
2676	10.1	1
2677	10	1
2678	9.8	1
2679	10.1	1
2680	9	1
2681	9.4	1
2682	9.4	1
2683	9.2	1
2684	10.1	1
2685	8.6	1
2686	11.2	1
2687	11.2	1
2688	9.2	1
2689	10.6	1
2690	9.3	1
2691	8.9	1
2692	10.6	1
2693	10.6	1
2694	8.8	1
2695	11	1
2696	10.2	1
2697	10.1	1
2698	10.1	1
2699	14	1
2700	9.4	1
2701	11.8	1
2702	11.4	1
2703	10.7	1
2704	8.6	1
2705	11.5	1
2706	11.2	1
2707	12.6	1
2708	12.6	1
2709	9.3	1
2710	12.6	1
2711	12.1	1
2712	9.9	1
2713	10.7	1
2714	10	1
2715	10.4	1
2716	10.5	1
2717	9.7	1
2718	10.5	1
2719	9	1
2720	9.2	1
2721	10.1	1
2722	11.4	1
2723	10.8	1
2724	10.9	1
2725	9.2	1
2726	12.9	1
2727	12	1
2728	9.5	1
2729	11.8	1
2730	9.1	1
2731	9.7	1
2732	9.1	1
2733	10	1
2734	10.4	1
2735	9.5	1
2736	12.3	1
2737	11.7	1
2738	9.5	1
2739	11.5	1
2740	10.6	1
2741	10.2	1
2742	9.5	1
2743	10.5	1
2744	10.5	1
2745	8.9	1
2746	10.6	1
2747	9.5	1
2748	10.8	1
2749	9.5	1
2750	8.9	1
2751	8.9	1
2752	9.4	1
2753	10.6	1
2754	9	1
2755	10.5	1
2756	9	1
2757	9	1
2758	9.4	1
2759	9	1
2760	9.6	1
2761	9	1
2762	10.2	1
2763	9.4	1
2764	10.4	1
2765	10.4	1
2766	9.5	1
2767	10.6	1
2768	11	1
2769	9.6	1
2770	9.9	1
2771	9.6	1
2772	12.8	1
2773	11.4	1
2774	10	1
2775	9.1	1
2776	9.4	1
2777	10.2	1
2778	9.2	1
2779	9.4	1
2780	9.6	1
2781	10.1	1
2782	11.4	1
2783	10.6	1
2784	12.8	1
2785	8.9	1
2786	9.3	1
2787	11.1	1
2788	9.9	1
2789	9.6	1
2790	12.8	1
2791	10.7	1
2792	9.2	1
2793	9.1	1
2794	9.6	1
2795	9.2	1
2796	10.7	1
2797	9.1	1
2798	9.2	1
2799	10.7	1
2800	10.8	1
2801	10.8	1
2802	9	1
2803	10.7	1
2804	10.7	1
2805	9.4	1
2806	8.8	1
2807	9	1
2808	11.5	1
2809	12.5	1
2810	10.5	1
2811	9.7	1
2812	11.3	1
2813	10.7	1
2814	10.8	1
2815	10.6	1
2816	11.7	1
2817	9.2	1
2818	11.1	1
2819	11.7	1
2820	11	1
2821	12.5	1
2822	10	1
2823	10.6	1
2824	12.3	1
2825	12.7	1
2826	12.3	1
2827	10.5	1
2828	12.5	1
2829	12.4	1
2830	8.7	1
2831	12.4	1
2832	12.6	1
2833	11	1
2834	10.1	1
2835	10.5	1
2836	12.7	1
2837	10.9	1
2838	13.5	1
2839	9.7	1
2840	9.2	1
2841	10.6	1
2842	13.3	1
2843	13.5	1
2844	10.1	1
2845	9.4	1
2846	10.6	1
2847	11.3	1
2848	10.8	1
2849	10.4	1
2850	10.5	1
2851	9.3	1
2852	9.3	1
2853	12.2	1
2854	9.2	1
2855	10.3	1
2856	9.4	1
2857	10.2	1
2858	9	1
2859	9.3	1
2860	9.2	1
2861	9.4	1
2862	9.4	1
2863	9.5	1
2864	9.9	1
2865	11.1	1
2866	12.3	1
2867	8.6	1
2868	9.4	1
2869	9.4	1
2870	8.6	1
2871	10.9	1
2872	9.4	1
2873	10.9	1
2874	9.4	1
2875	9.2	1
2876	8.6	1
2877	9.4	1
2878	10.8	1
2879	10.5	1
2880	12.5	1
2881	12.1	1
2882	8.7	1
2883	12.7	1
2884	12.1	1
2885	12.5	1
2886	11.4	1
2887	12.9	1
2888	12.8	1
2889	11.2	1
2890	9.7	1
2891	9.7	1
2892	10.3	1
2893	11.6	1
2894	11.6	1
2895	9.7	1
2896	10.9	1
2897	12.6	1
2898	12.4	1
2899	11.5	1
2900	10.2	1
2901	11.4	1
2902	9.6	1
2903	10.3	1
2904	9.3	1
2905	10.7	1
2906	12.8	1
2907	9.5	1
2908	10.4	1
2909	10.3	1
2910	9.9	1
2911	10.7	1
2912	10.5	1
2913	9.6	1
2914	9.3	1
2915	10	1
2916	11.2	1
2917	10.8	1
2918	10.3	1
2919	8.8	1
2920	12.8	1
2921	13.2	1
2922	10.1	1
2923	11	1
2924	10.8	1
2925	12.8	1
2926	9.2	1
2927	10.5	1
2928	11.7	1
2929	9.5	1
2930	9.5	1
2931	8.8	1
2932	9.3	1
2933	12.6	1
2934	12.4	1
2935	10.1	1
2936	11.2	1
2937	10	1
2938	10	1
2939	10.8	1
2940	10	1
2941	10.4	1
2942	10.8	1
2943	9.8	1
2944	12.2	1
2945	12.7	1
2946	12.2	1
2947	11.9	1
2948	11.2	1
2949	10.4	1
2950	12.8	1
2951	12.7	1
2952	10.1	1
2953	10	1
2954	9	1
2955	11.4	1
2956	8.9	1
2957	9.3	1
2958	12	1
2959	10.8	1
2960	10.5	1
2961	10.6	1
2962	11.3	1
2963	9.5	1
2964	11.4	1
2965	10.1	1
2966	10.9	1
2967	8.9	1
2968	8.9	1
2969	9.3	1
2970	10.4	1
2971	12	1
2972	9.5	1
2973	9.5	1
2974	12.4	1
2975	11.2	1
2976	11.4	1
2977	11.4	1
2978	11.1	1
2979	10.4	1
2980	12	1
2981	12.3	1
2982	9.1	1
2983	10.5	1
2984	11.4	1
2985	9.5	1
2986	13.7	1
2987	13.4	1
2988	11.3	1
2989	10	1
2990	10.1	1
2991	12.2	1
2992	13.4	1
2993	9.3	1
2994	13.7	1
2995	12.3	1
2996	11.3	1
2997	8.9	1
2998	8.9	1
2999	11.5	1
3000	8.9	1
3001	9.3	1
3002	11.1	1
3003	10.9	1
3004	11.6	1
3005	10.2	1
3006	10.5	1
3007	11.4	1
3008	8.9	1
3009	10.6	1
3010	11.6	1
3011	11.5	1
3012	12.3	1
3013	10.8	1
3014	11.3	1
3015	9.3	1
3016	10	1
3017	11	1
3018	10.2	1
3019	10.8	1
3020	10.1	1
3021	11.6	1
3022	9.1	1
3023	10	1
3024	10.8	1
3025	11.4	1
3026	12.7	1
3027	11.3	1
3028	10.4	1
3029	9.6	1
3030	10.1	1
3031	9.6	1
3032	12.1	1
3033	12.2	1
3034	11.3	1
3035	9.6	1
3036	9.2	1
3037	10.4	1
3038	9.5	1
3039	8.9	1
3040	8.8	1
3041	10.5	1
3042	9.4	1
3043	12.2	1
3044	11.3	1
3045	12.2	1
3046	12.2	1
3047	11.2	1
3048	11.2	1
3049	11.5	1
3050	11.3	1
3051	9.3	1
3052	11.3	1
3053	11.8	1
3054	9.2	1
3055	9.2	1
3056	12.2	1
3057	12.2	1
3058	12.2	1
3059	10.6	1
3060	12.4	1
3061	10.8	1
3062	11.2	1
3063	11	1
3064	12.7	1
3065	10.2	1
3066	11.5	1
3067	12.3	1
3068	9.8	1
3069	9.3	1
3070	11.8	1
3071	11.3	1
3072	11.4	1
3073	10.8	1
3074	9.5	1
3075	10.2	1
3076	10.7	1
3077	10.8	1
3078	11.5	1
3079	10.7	1
3080	10.2	1
3081	10.1	1
3082	10.4	1
3083	9.5	1
3084	9.1	1
3085	10.6	1
3086	9.4	1
3087	9.8	1
3088	9.5	1
3089	9.3	1
3090	10.3	1
3091	11.1	1
3092	10	1
3093	12.3	1
3094	12.4	1
3095	12.3	1
3096	10.4	1
3097	12.1	1
3098	12.5	1
3099	13	1
3100	11	1
3101	10.1	1
3102	9.2	1
3103	12.6	1
3104	12.2	1
3105	9.8	1
3106	11	1
3107	10	1
3108	9.8	1
3109	10.5	1
3110	10	1
3111	11.2	1
3112	11	1
3113	11.2	1
3114	11	1
3115	10.5	1
3116	10.6	1
3117	10.6	1
3118	12	1
3119	10.1	1
3120	10.1	1
3121	9.2	1
3122	11	1
3123	10	1
3124	8.7	1
3125	8.7	1
3126	11.1	1
3127	11	1
3128	11.1	1
3129	8.7	1
3130	8.7	1
3131	11.2	1
3132	11.1	1
3133	10.8	1
3134	9	1
3135	10.3	1
3136	9.9	1
3137	10	1
3138	9.8	1
3139	10.8	1
3140	9	1
3141	9.1	1
3142	10.6	1
3143	10.6	1
3144	9.9	1
3145	10.6	1
3146	9.9	1
3147	9.9	1
3148	12.8	1
3149	10.3	1
3150	10.6	1
3151	8.7	1
3152	12.6	1
3153	11	1
3154	11.2	1
3155	10.7	1
3156	9.6	1
3157	10.6	1
3158	9	1
3159	10.5	1
3160	12.8	1
3161	10.1	1
3162	12.2	1
3163	12.8	1
3164	10.1	1
3165	10.1	1
3166	9.2	1
3167	9.9	1
3168	9.7	1
3169	9.9	1
3170	9.9	1
3171	9.7	1
3172	10.3	1
3173	10.3	1
3174	10.5	1
3175	10.5	1
3176	9.8	1
3177	10.6	1
3178	10.1	1
3179	9	1
3180	9.5	1
3181	11.5	1
3182	11.9	1
3183	10.1	1
3184	9.2	1
3185	8.7	1
3186	9.8	1
3187	9.2	1
3188	8.7	1
3189	11.2	1
3190	12.3	1
3191	10.4	1
3192	10.7	1
3193	10.5	1
3194	9.4	1
3195	9.2	1
3196	11.9	1
3197	9.2	1
3198	9.9	1
3199	11.4	1
3200	9.4	1
3201	10.7	1
3202	12.7	1
3203	13.5	1
3204	9.5	1
3205	12.9	1
3206	12.5	1
3207	9.5	1
3208	8.6	1
3209	10	1
3210	12.5	1
3211	10.1	1
3212	11.3	1
3213	10.6	1
3214	10.8	1
3215	10.7	1
3216	9	1
3217	9.2	1
3218	8.5	1
3219	11.3	1
3220	11.3	1
3221	9.4	1
3222	8.7	1
3223	9.4	1
3224	10.5	1
3225	9.7	1
3226	10.2	1
3227	9.4	1
3228	11.5	1
3229	9.6	1
3230	11.4	1
3231	11.5	1
3232	12.2	1
3233	11	1
3234	9.2	1
3235	10.2	1
3236	10	1
3237	9.7	1
3238	9.2	1
3239	10.5	1
3240	10	1
3241	10.1	1
3242	9.1	1
3243	10.2	1
3244	9.1	1
3245	10.5	1
3246	10.1	1
3247	12.1	1
3248	10.2	1
3249	9.4	1
3250	12.8	1
3251	9	1
3252	10.9	1
3253	8.8	1
3254	9	1
3255	10.2	1
3256	9.2	1
3257	11.3	1
3258	8.8	1
3259	9.3	1
3260	9.4	1
3261	10.3	1
3262	10.8	1
3263	8.8	1
3264	9	1
3265	11.5	1
3266	10.8	1
3267	11.8	1
3268	10.5	1
3269	9.9	1
3270	9.8	1
3271	11.4	1
3272	9.3	1
3273	9.3	1
3274	10.3	1
3275	8.9	1
3276	11.4	1
3277	11.1	1
3278	10.4	1
3279	10.1	1
3280	9	1
3281	11.9	1
3282	9	1
3283	9	1
3284	9.1	1
3285	9	1
3286	10	1
3287	9.1	1
3288	9.4	1
3289	11.4	1
3290	9.7	1
3291	9	1
3292	11.8	1
3293	10.2	1
3294	9.2	1
3295	11	1
3296	10	1
3297	12.2	1
3298	11.8	1
3299	11.6	1
3300	10.2	1
3301	10.3	1
3302	8.6	1
3303	9.6	1
3304	9.6	1
3305	11.3	1
3306	9.9	1
3307	9.6	1
3308	10.6	1
3309	9.8	1
3310	10.5	1
3311	10.8	1
3312	10	1
3313	10.1	1
3314	9.4	1
3315	11.5	1
3316	10.8	1
3317	9.9	1
3318	9	1
3319	9.4	1
3320	10.8	1
3321	10.9	1
3322	12	1
3323	11.5	1
3324	10.5	1
3325	9.3	1
3326	11.8	1
3327	10	1
3328	9.4	1
3329	11.4	1
3330	10.4	1
3331	9.5	1
3332	11.9	1
3333	11.1	1
3334	9.6	1
3335	12	1
3336	8.7	1
3337	9.6	1
3338	10	1
3339	11.4	1
3340	9.6	1
3341	12.9	1
3342	9.7	1
3343	9.3	1
3344	9.1	1
3345	8.6	1
3346	9.9	1
3347	9.3	1
3348	10.9	1
3349	10.2	1
3350	9.7	1
3351	11.4	1
3352	9.5	1
3353	10.2	1
3354	11.1	1
3355	9.7	1
3356	9.3	1
3357	8.8	1
3358	10.6	1
3359	9.3	1
3360	10.2	1
3361	10.2	1
3362	11	1
3363	9.6	1
3364	9.3	1
3365	8.8	1
3366	8.8	1
3367	8.9	1
3368	10	1
3369	12.2	1
3370	10.9	1
3371	9.5	1
3372	10.9	1
3373	10.9	1
3374	10.8	1
3375	12	1
3376	9.8	1
3377	9.5	1
3378	11	1
3379	11	1
3380	9.8	1
3381	10.5	1
3382	11.4	1
3383	10.1	1
3384	11.6	1
3385	11.4	1
3386	11.8	1
3387	12.1	1
3388	12	1
3389	12.1	1
3390	9.1	1
3391	9.3	1
3392	10.4	1
3393	9.1	1
3394	9.4	1
3395	9.6	1
3396	12	1
3397	11.3	1
3398	8.7	1
3399	9.9	1
3400	9.3	1
3401	9.5	1
3402	8.7	1
3403	9.9	1
3404	9.3	1
3405	9.4	1
3406	9.4	1
3407	8.8	1
3408	9.4	1
3409	8.8	1
3410	9.9	1
3411	9.4	1
3412	12.6	1
3413	11.1	1
3414	12.8	1
3415	12	1
3416	12	1
3417	9.2	1
3418	12.3	1
3419	13	1
3420	12	1
3421	10.9	1
3422	12.8	1
3423	10	1
3424	9	1
3425	10.4	1
3426	9	1
3427	10	1
3428	10	1
3429	11.3	1
3430	11.3	1
3431	12	1
3432	11.3	1
3433	12	1
3434	10.6	1
3435	9.3	1
3436	9.4	1
3437	11	1
3438	9.3	1
3439	9.4	1
3440	10.5	1
3441	11	1
3442	9.5	1
3443	11.2	1
3444	12.3	1
3445	9	1
3446	9	1
3447	9	1
3448	9	1
3449	11.4	1
3450	11	1
3451	12.3	1
3452	10.4	1
3453	10.3	1
3454	10.5	1
3455	9.8	1
3456	10	1
3457	9.7	1
3458	9.7	1
3459	9.8	1
3460	10.5	1
3461	10	1
3462	11.5	1
3463	9.5	1
3464	10.5	1
3465	10.2	1
3466	9.8	1
3467	11.6	1
3468	11.8	1
3469	10.1	1
3470	10.3	1
3471	10.4	1
3472	8.9	1
3473	8.9	1
3474	10.8	1
3475	9.2	1
3476	9.6	1
3477	10.4	1
3478	8.7	1
3479	9.2	1
3480	9.2	1
3481	9.2	1
3482	9.2	1
3483	9.2	1
3484	10.2	1
3485	9.2	1
3486	9	1
3487	9.7	1
3488	9.6	1
3489	10	1
3490	9.2	1
3491	9.1	1
3492	8.7	1
3493	8.7	1
3494	9.5	1
3495	9.5	1
3496	8.9	1
3497	8.9	1
3498	9.9	1
3499	12.6	1
3500	9.7	1
3501	10.4	1
3502	9.1	1
3503	10.4	1
3504	9.5	1
3505	8.9	1
3506	10.6	1
3507	12	1
3508	12.5	1
3509	9.6	1
3510	9.2	1
3511	9.9	1
3512	11.7	1
3513	9.6	1
3514	12	1
3515	12.5	1
3516	9.2	1
3517	9.9	1
3518	8.9	1
3519	9	1
3520	10.2	1
3521	9.6	1
3522	9.4	1
3523	10.4	1
3524	10.4	1
3525	10	1
3526	10	1
3527	10.5	1
3528	11.4	1
3529	10.2	1
3530	10.4	1
3531	11	1
3532	10.1	1
3533	9.2	1
3534	10.3	1
3535	10.2	1
3536	10.4	1
3537	11.1	1
3538	9.9	1
3539	9	1
3540	8.6	1
3541	9	1
3542	8.6	1
3543	9.5	1
3544	9	1
3545	10	1
3546	9	1
3547	9	1
3548	10.2	1
3549	9.6	1
3550	9.7	1
3551	10.2	1
3552	13	1
3553	10.8	1
3554	9.7	1
3555	9	1
3556	9.9	1
3557	9.2	1
3558	8.7	1
3559	10.1	1
3560	10.1	1
3561	9.5	1
3562	9.9	1
3563	8.7	1
3564	9	1
3565	8.6	1
3566	10.5	1
3567	9.5	1
3568	10.1	1
3569	11.7	1
3570	10.7	1
3571	11.7	1
3572	9.2	1
3573	8.8	1
3574	8.8	1
3575	9.5	1
3576	10.2	1
3577	9.1	1
3578	10.5	1
3579	9	1
3580	8.9	1
3581	8.9	1
3582	8.9	1
3583	8.9	1
3584	8.9	1
3585	9.1	1
3586	10.1	1
3587	10	1
3588	9.5	1
3589	12.3	1
3590	9.1	1
3591	8.9	1
3592	9.6	1
3593	11.6	1
3594	8.8	1
3595	8.9	1
3596	8.8	1
3597	8.9	1
3598	8.9	1
3599	9	1
3600	10	1
3601	10	1
3602	11.1	1
3603	11.6	1
3604	10.6	1
3605	8.8	1
3606	8.9	1
3607	10.1	1
3608	10	1
3609	12.2	1
3610	11	1
3611	10	1
3612	11.1	1
3613	10.4	1
3614	11.8	1
3615	10.8	1
3616	12.5	1
3617	11.8	1
3618	11.6	1
3619	10.4	1
3620	11.5	1
3621	10.1	1
3622	9.2	1
3623	10.1	1
3624	9.2	1
3625	8.9	1
3626	10.1	1
3627	8.9	1
3628	9.7	1
3629	9.2	1
3630	11	1
3631	10.7	1
3632	10.8	1
3633	9.8	1
3634	11	1
3635	10.4	1
3636	10.2	1
3637	10.7	1
3638	9	1
3639	10.6	1
3640	9.5	1
3641	9	1
3642	9.2	1
3643	11	1
3644	9.9	1
3645	10.6	1
3646	9.3	1
3647	9.6	1
3648	9.5	1
3649	9.7	1
3650	9.7	1
3651	8.7	1
3652	8.7	1
3653	12.4	1
3654	12.4	1
3655	10.6	1
3656	8.7	1
3657	12	1
3658	9	1
3659	8.8	1
3660	9.5	1
3661	10.8	1
3662	11.4	1
3663	10.3	1
3664	9.5	1
3665	9.9	1
3666	10.2	1
3667	10.2	1
3668	11	1
3669	12.1	1
3670	9.1	1
3671	9.5	1
3672	9.5	1
3673	9.8	1
3674	9.5	1
3675	10.3	1
3676	9.6	1
3677	10.2	1
3678	10.5	1
3679	10.4	1
3680	9.6	1
3681	10.7	1
3682	10.5	1
3683	10.6	1
3684	9.6	1
3685	9.6	1
3686	9.5	1
3687	9.4	1
3688	9.8	1
3689	9.6	1
3690	9.2	1
3691	9.5	1
3692	9.2	1
3693	9.4	1
3694	9.4	1
3695	9.3	1
3696	9.1	1
3697	9.5	1
3698	9.1	1
3699	10.6	1
3700	9.5	1
3701	12.4	1
3702	8.7	1
3703	8.8	1
3704	10.6	1
3705	9.1	1
3706	9	1
3707	10.3	1
3708	9.1	1
3709	9.5	1
3710	8.8	1
3711	8.8	1
3712	8.8	1
3713	9.9	1
3714	9.5	1
3715	8.8	1
3716	11.7	1
3717	10.8	1
3718	12	1
3719	10.3	1
3720	9	1
3721	12.2	1
3722	9.9	1
3723	9	1
3724	12.2	1
3725	10.1	1
3726	9.3	1
3727	9.5	1
3728	9.2	1
3729	11.7	1
3730	11	1
3731	9.6	1
3732	9.6	1
3733	11.9	1
3734	10.8	1
3735	10.1	1
3736	10.9	1
3737	10.1	1
3738	10.4	1
3739	9.2	1
3740	9.6	1
3741	9.6	1
3742	9	1
3743	11.5	1
3744	10.2	1
3745	9.9	1
3746	9.6	1
3747	10.6	1
3748	9.2	1
3749	11.8	1
3750	12.2	1
3751	9.6	1
3752	10.6	1
3753	10.3	1
3754	10.2	1
3755	10.7	1
3756	11.7	1
3757	12	1
3758	10.6	1
3759	12.2	1
3760	11	1
3761	12.4	1
3762	9.4	1
3763	12	1
3764	11.6	1
3765	9.4	1
3766	9.4	1
3767	9.1	1
3768	9.1	1
3769	9.1	1
3770	9.1	1
3771	9.1	1
3772	9.2	1
3773	9.2	1
3774	9.1	1
3775	9.1	1
3776	9.2	1
3777	9	1
3778	9.2	1
3779	10.8	1
3780	9.5	1
3781	11	1
3782	10	1
3783	9.5	1
3784	10.1	1
3785	9.5	1
3786	9.5	1
3787	9.5	1
3788	9.4	1
3789	9.4	1
3790	12.7	1
3791	9.7	1
3792	9.7	1
3793	9.4	1
3794	9.4	1
3795	9.5	1
3796	11.7	1
3797	11.7	1
3798	9.7	1
3799	9.5	1
3800	9.1	1
3801	10.3	1
3802	9.7	1
3803	9.9	1
3804	9.9	1
3805	10.2	1
3806	12.1	1
3807	11.3	1
3808	11.4	1
3809	12.2	1
3810	9.9	1
3811	10.3	1
3812	12.2	1
3813	10.4	1
3814	11.4	1
3815	9.9	1
3816	10	1
3817	11.5	1
3818	10.5	1
3819	12.5	1
3820	10.5	1
3821	9.9	1
3822	11.4	1
3823	9.8	1
3824	11.4	1
3825	9.2	1
3826	8.9	1
3827	8.9	1
3828	9.5	1
3829	11.5	1
3830	9.5	1
3831	11.5	1
3832	9.5	1
3833	9.7	1
3834	9.7	1
3835	9.5	1
3836	9.4	1
3837	9	1
3838	10.6	1
3839	9.5	1
3840	9.1	1
3841	9.4	1
3842	8.8	1
3843	10.4	1
3844	8.9	1
3845	10.6	1
3846	9	1
3847	10.6	1
3848	10.6	1
3849	9	1
3850	8.8	1
3851	10.5	1
3852	9.5	1
3853	9	1
3854	10.4	1
3855	10	1
3856	10.4	1
3857	9	1
3858	9.3	1
3859	9	1
3860	9.3	1
3861	9	1
3862	11.5	1
3863	9	1
3864	10.4	1
3865	9	1
3866	10.6	1
3867	10.4	1
3868	8.5	1
3869	9.3	1
3870	10.5	1
3871	9.9	1
3872	10.4	1
3873	10.1	1
3874	10.5	1
3875	9.2	1
3876	9.4	1
3877	10.6	1
3878	9.4	1
3879	8.7	1
3880	10.2	1
3881	10.3	1
3882	9.5	1
3883	9.5	1
3884	9.5	1
3885	9.5	1
3886	9.4	1
3887	9.4	1
3888	9.5	1
3889	12.6	1
3890	10.5	1
3891	10.8	1
3892	9.9	1
3893	12.6	1
3894	12.2	1
3895	10	1
3896	10.6	1
3897	9.5	1
3898	12.8	1
3899	12.2	1
3900	12.6	1
3901	9.4	1
3902	9	1
3903	9.1	1
3904	9.4	1
3905	12.2	1
3906	10	1
3907	9.2	1
3908	9.3	1
3909	9.8	1
3910	9.2	1
3911	12	1
3912	9.3	1
3913	12.6	1
3914	12.2	1
3915	11	1
3916	12	1
3917	8.8	1
3918	8.9	1
3919	12.7	1
3920	11.8	1
3921	10.2	1
3922	9.9	1
3923	11.1	1
3924	9.4	1
3925	9.7	1
3926	9.7	1
3927	9.7	1
3928	9.7	1
3929	9.8	1
3930	9.3	1
3931	10.5	1
3932	9.3	1
3933	12.6	1
3934	8.9	1
3935	10.3	1
3936	10.6	1
3937	9	1
3938	9.7	1
3939	9.5	1
3940	10.3	1
3941	9.7	1
3942	12.3	1
3943	10.5	1
3944	9.5	1
3945	10	1
3946	8.8	1
3947	10.9	1
3948	12.2	1
3949	9.5	1
3950	10	1
3951	9.6	1
3952	8.7	1
3953	10.7	1
3954	11.1	1
3955	12.5	1
3956	10.4	1
3957	11.5	1
3958	9.4	1
3959	9.3	1
3960	10.1	1
3961	9.7	1
3962	10.5	1
3963	9.7	1
3964	9.2	1
3965	9.8	1
3966	9	1
3967	9.1	1
3968	10.4	1
3969	10.7	1
3970	10.5	1
3971	9.2	1
3972	11.5	1
3973	10.4	1
3974	12	1
3975	12.2	1
3976	12	1
3977	9.8	1
3978	9.3	1
3979	9.6	1
3980	9.5	1
3981	10.2	1
3982	10.4	1
3983	11	1
3984	10.4	1
3985	8.7	1
3986	9.9	1
3987	9.9	1
3988	11.3	1
3989	12	1
3990	10.7	1
3991	10.1	1
3992	9.6	1
3993	9.6	1
3994	8.7	1
3995	10.3	1
3996	9.1	1
3997	11.8	1
3998	11.9	1
3999	10.3	1
4000	10	1
4001	10.2	1
4002	10	1
4003	12.7	1
4004	9.6	1
4005	9.5	1
4006	12.7	1
4007	11	1
4008	9.1	1
4009	10.2	1
4010	10.1	1
4011	9.2	1
4012	9.4	1
4013	10.2	1
4014	9.2	1
4015	10	1
4016	10.1	1
4017	9	1
4018	9.5	1
4019	9.1	1
4020	13.3	1
4021	9.5	1
4022	9.2	1
4023	10.1	1
4024	9.2	1
4025	10.1	1
4026	11.2	1
4027	9.8	1
4028	11.2	1
4029	9.8	1
4030	9.4	1
4031	9	1
4032	9.4	1
4033	8.9	1
4034	9.1	1
4035	9.8	1
4036	9.4	1
4037	10	1
4038	9.4	1
4039	9.9	1
4040	10	1
4041	11.5	1
4042	9.2	1
4043	10	1
4044	9.2	1
4045	10	1
4046	10	1
4047	9.8	1
4048	10.5	1
4049	10.6	1
4050	9.4	1
4051	9.4	1
4052	11	1
4053	10.8	1
4054	9	1
4055	9.6	1
4056	10.6	1
4057	10.6	1
4058	9.6	1
4059	9.2	1
4060	9.2	1
4061	9.5	1
4062	9.5	1
4063	10.3	1
4064	8.8	1
4065	8.7	1
4066	8.7	1
4067	10.2	1
4068	10.1	1
4069	9.5	1
4070	9.5	1
4071	11.6	1
4072	10.7	1
4073	10.1	1
4074	11.1	1
4075	9.8	1
4076	9	1
4077	11.1	1
4078	9.5	1
4079	9.4	1
4080	10.2	1
4081	9.8	1
4082	9.5	1
4083	9.5	1
4084	9	1
4085	10.1	1
4086	8.8	1
4087	11.9	1
4088	11.9	1
4089	9.3	1
4090	10	1
4091	9.5	1
4092	9.3	1
4093	9.7	1
4094	9.7	1
4095	10.2	1
4096	10.8	1
4097	8.8	1
4098	8.8	1
4099	11.4	1
4100	8.8	1
4101	9.8	1
4102	9.4	1
4103	9.4	1
4104	9.4	1
4105	9.4	1
4106	9.7	1
4107	12.3	1
4108	9.8	1
4109	9	1
4110	9.2	1
4111	9.4	1
4112	9.9	1
4113	9.8	1
4114	12.3	1
4115	11.9	1
4116	10.2	1
4117	9.5	1
4118	11.9	1
4119	9.2	1
4120	9.7	1
4121	11.5	1
4122	10.4	1
4123	11.6	1
4124	9.7	1
4125	10.4	1
4126	11.5	1
4127	10.2	1
4128	9.8	1
4129	9	1
4130	10.5	1
4131	9.4	1
4132	9.4	1
4133	10.8	1
4134	10.7	1
4135	10.6	1
4136	9.2	1
4137	9.5	1
4138	9.5	1
4139	10	1
4140	10.6	1
4141	10.6	1
4142	10.6	1
4143	9.2	1
4144	11	1
4145	11.2	1
4146	9.6	1
4147	9.4	1
4148	9.5	1
4149	9.3	1
4150	9.4	1
4151	9.5	1
4152	9.4	1
4153	11.2	1
4154	11.2	1
4155	11.2	1
4156	8.8	1
4157	11.2	1
4158	11.2	1
4159	9.4	1
4160	11.1	1
4161	9.6	1
4162	11.1	1
4163	9.4	1
4164	10.6	1
4165	8.9	1
4166	12.3	1
4167	11.4	1
4168	9.6	1
4169	10.3	1
4170	11.4	1
4171	12.1	1
4172	9.9	1
4173	9.7	1
4174	10.5	1
4175	8.9	1
4176	9.4	1
4177	9.6	1
4178	12.6	1
4179	9.2	1
4180	10.4	1
4181	9	1
4182	9	1
4183	9	1
4184	9	1
4185	9	1
4186	9	1
4187	9.2	1
4188	9	1
4189	9.7	1
4190	10.1	1
4191	11	1
4192	10.8	1
4193	10.8	1
4194	13.5	1
4195	10.6	1
4196	9.8	1
4197	11.7	1
4198	9.8	1
4199	9	1
4200	11.3	1
4201	9.4	1
4202	11.7	1
4203	11.3	1
4204	11.3	1
4205	12	1
4206	10.6	1
4207	10.8	1
4208	10.8	1
4209	12	1
4210	9.4	1
4211	9.4	1
4212	11.3	1
4213	9.4	1
4214	12	1
4215	10.3	1
4216	10.3	1
4217	10.3	1
4218	11.3	1
4219	9.4	1
4220	8.7	1
4221	9.4	1
4222	11.3	1
4223	10.3	1
4224	12	1
4225	8	1
4226	10.4	1
4227	10.7	1
4228	10.2	1
4229	10.9	1
4230	10.5	1
4231	11.7	1
4232	8.6	1
4233	9	1
4234	8.7	1
4235	12.8	1
4236	9	1
4237	8.7	1
4238	11.8	1
4239	11.6	1
4240	11.8	1
4241	10.6	1
4242	9.7	1
4243	10.3	1
4244	10.2	1
4245	10.1	1
4246	10.9	1
4247	9.3	1
4248	10.2	1
4249	10.2	1
4250	9.5	1
4251	9.3	1
4252	12.9	1
4253	8.7	1
4254	9.4	1
4255	10.1	1
4256	10	1
4257	11.1	1
4258	10.3	1
4259	12.2	1
4260	9.3	1
4261	11.3	1
4262	10.8	1
4263	11.2	1
4264	12.5	1
4265	9.3	1
4266	12.9	1
4267	11.2	1
4268	12.6	1
4269	9.3	1
4270	12.9	1
4271	12.9	1
4272	9.5	1
4273	11.9	1
4274	10.3	1
4275	10.3	1
4276	11.2	1
4277	12	1
4278	9.6	1
4279	9.2	1
4280	12.9	1
4281	9.3	1
4282	12.1	1
4283	9.6	1
4284	11.2	1
4285	11.2	1
4286	12.9	1
4287	9.2	1
4288	9.3	1
4289	9.2	1
4290	9.3	1
4291	10.7	1
4292	9.8	1
4293	10.3	1
4294	10.7	1
4295	11.3	1
4296	8.8	1
4297	10.8	1
4298	9.8	1
4299	9.3	1
4300	11.5	1
4301	8.8	1
4302	8.8	1
4303	8.8	1
4304	9.4	1
4305	9.4	1
4306	9.6	1
4307	8.8	1
4308	9.3	1
4309	8.9	1
4310	8.9	1
4311	10	1
4312	9.1	1
4313	9.3	1
4314	9.4	1
4315	10.1	1
4316	8.9	1
4317	10.8	1
4318	10	1
4319	10.9	1
4320	12	1
4321	9.3	1
4322	12.3	1
4323	10.4	1
4324	10.9	1
4325	10.5	1
4326	9.8	1
4327	10.5	1
4328	9.9	1
4329	11.4	1
4330	9.2	1
4331	9.7	1
4332	10	1
4333	11.4	1
4334	10.3	1
4335	9.9	1
4336	10.5	1
4337	9.8	1
4338	9.3	1
4339	12.4	1
4340	9.3	1
4341	9.3	1
4342	9.5	1
4343	10.5	1
4344	10.5	1
4345	12.8	1
4346	10.8	1
4347	10	1
4348	11.8	1
4349	10	1
4350	11.8	1
4351	12	1
4352	12.6	1
4353	11.9	1
4354	10.6	1
4355	9.2	1
4356	10	1
4357	9.2	1
4358	9.3	1
4359	10.2	1
4360	10.2	1
4361	8.7	1
4362	10.7	1
4363	12.1	1
4364	9.5	1
4365	11.2	1
4366	12	1
4367	9.5	1
4368	12.1	1
4369	10.7	1
4370	8.8	1
4371	10.8	1
4372	13.1	1
4373	12.5	1
4374	11.7	1
4375	11.7	1
4376	11.6	1
4377	11.3	1
4378	12.5	1
4379	11.4	1
4380	12.2	1
4381	11.7	1
4382	10.4	1
4383	10.4	1
4384	10.4	1
4385	9.1	1
4386	12.2	1
4387	9.1	1
4388	9.4	1
4389	9.4	1
4390	10.4	1
4391	9.2	1
4392	9.4	1
4393	13.5	1
4394	9.4	1
4395	10.9	1
4396	13.5	1
4397	9.4	1
4398	11.4	1
4399	12.4	1
4400	9.2	1
4401	9.4	1
4402	10.5	1
4403	11.5	1
4404	10.9	1
4405	10.8	1
4406	8.9	1
4407	8.9	1
4408	9.4	1
4409	12.2	1
4410	12.1	1
4411	10.9	1
4412	10.1	1
4413	12.2	1
4414	13	1
4415	11	1
4416	10.8	1
4417	13	1
4418	9.3	1
4419	11.4	1
4420	9.2	1
4421	9.9	1
4422	10.5	1
4423	12.4	1
4424	9.5	1
4425	10.5	1
4426	9.1	1
4427	11.5	1
4428	11.5	1
4429	11.2	1
4430	10.8	1
4431	9.4	1
4432	11	1
4433	11.3	1
4434	11.2	1
4435	10.5	1
4436	9.1	1
4437	10.4	1
4438	11.2	1
4439	11.1	1
4440	11.2	1
4441	10.5	1
4442	10	1
4443	10	1
4444	10.9	1
4445	10.9	1
4446	11.2	1
4447	11.7	1
4448	10	1
4449	9.5	1
4450	9	1
4451	10	1
4452	11.9	1
4453	10.6	1
4454	11	1
4455	11.2	1
4456	12	1
4457	12.6	1
4458	11.2	1
4459	10.5	1
4460	10.2	1
4461	11	1
4462	12.2	1
4463	12.3	1
4464	10.6	1
4465	10.4	1
4466	12	1
4467	12.7	1
4468	10.6	1
4469	12.3	1
4470	12.7	1
4471	11.4	1
4472	12	1
4473	12.4	1
4474	12.1	1
4475	11.4	1
4476	10.7	1
4477	9.3	1
4478	12.7	1
4479	11.7	1
4480	10.7	1
4481	11.8	1
4482	9.9	1
4483	13.4	1
4484	12.8	1
4485	12.8	1
4486	10.5	1
4487	11.5	1
4488	10.5	1
4489	13	1
4490	12.4	1
4491	10.2	1
4492	9	1
4493	12	1
4494	11.7	1
4495	10	1
4496	10.3	1
4497	9	1
4498	11.1	1
4499	9	1
4500	10.5	1
4501	11.9	1
4502	9.4	1
4503	11.4	1
4504	10.8	1
4505	9.8	1
4506	9.3	1
4507	11.4	1
4508	11.3	1
4509	11.3	1
4510	9.5	1
4511	9.4	1
4512	11.9	1
4513	9.3	1
4514	11.4	1
4515	11.4	1
4516	12.7	1
4517	13.5	1
4518	11.2	1
4519	10.7	1
4520	10.8	1
4521	10.5	1
4522	13	1
4523	10.8	1
4524	9.1	1
4525	10.1	1
4526	11.9	1
4527	12	1
4528	12	1
4529	9.1	1
4530	11.6	1
4531	11.9	1
4532	10.2	1
4533	10.8	1
4534	9.8	1
4535	11.4	1
4536	9.8	1
4537	10.1	1
4538	9.8	1
4539	9.8	1
4540	10.7	1
4541	10.6	1
4542	9.3	1
4543	9.8	1
4544	10.7	1
4545	14	1
4546	11	1
4547	11	1
4548	9.4	1
4549	9	1
4550	9	1
4551	10	1
4552	9	1
4553	9	1
4554	12.4	1
4555	11.3	1
4556	12	1
4557	11.7	1
4558	10	1
4559	13.2	1
4560	11	1
4561	11	1
4562	9.2	1
4563	13	1
4564	10.6	1
4565	13	1
4566	9	1
4567	9	1
4568	11.5	1
4569	11	1
4570	11.5	1
4571	9.9	1
4572	10.4	1
4573	9	1
4574	9.9	1
4575	11	1
4576	12.1	1
4577	9.7	1
4578	9.7	1
4579	12.2	1
4580	12.4	1
4581	10.5	1
4582	10.4	1
4583	12	1
4584	12.7	1
4585	10.9	1
4586	10.9	1
4587	10.9	1
4588	11.4	1
4589	11	1
4590	12.6	1
4591	11.6	1
4592	10.5	1
4593	10.9	1
4594	10.9	1
4595	12.5	1
4596	12.1	1
4597	11.3	1
4598	13.3	1
4599	10.9	1
4600	10.9	1
4601	10.5	1
4602	11.6	1
4603	11.4	1
4604	11	1
4605	12.1	1
4606	11	1
4607	12.6	1
4608	13	1
4609	8.8	1
4610	9.5	1
4611	11.8	1
4612	12.2	1
4613	10.7	1
4614	11	1
4615	11.4	1
4616	10.7	1
4617	12	1
4618	11.9	1
4619	11.4	1
4620	11.8	1
4621	10.6	1
4622	9.7	1
4623	11	1
4624	10.7	1
4625	11	1
4626	10.5	1
4627	10.4	1
4628	10.5	1
4629	12	1
4630	12	1
4631	9.2	1
4632	10.9	1
4633	9.5	1
4634	9.4	1
4635	11.3	1
4636	10.4	1
4637	9.4	1
4638	11.3	1
4639	8.8	1
4640	10.8	1
4641	9.4	1
4642	9.4	1
4643	9.2	1
4644	10.3	1
4645	9.9	1
4646	12.4	1
4647	11.9	1
4648	11.7	1
4649	9.4	1
4650	9.6	1
4651	9.4	1
4652	10.4	1
4653	9.5	1
4654	11.9	1
4655	12.5	1
4656	13.4	1
4657	12.7	1
4658	9.1	1
4659	10.5	1
4660	10.4	1
4661	10.4	1
4662	12.5	1
4663	10.4	1
4664	9	1
4665	9.8	1
4666	9	1
4667	10.7	1
4668	12.4	1
4669	12.5	1
4670	12.5	1
4671	12.1	1
4672	11.3	1
4673	12	1
4674	10.4	1
4675	12.2	1
4676	8.6	1
4677	9.1	1
4678	12.1	1
4679	12	1
4680	10.5	1
4681	10.4	1
4682	11.9	1
4683	13.7	1
4684	11.3	1
4685	10.5	1
4686	13.7	1
4687	10.1	1
4688	12.3	1
4689	12	1
4690	11.3	1
4691	9.5	1
4692	11.4	1
4693	11.9	1
4694	10	1
4695	10	1
4696	11.3	1
4697	11.7	1
4698	11	1
4699	12.2	1
4700	10.7	1
4701	10.9	1
4702	10.2	1
4703	11.9	1
4704	11.1	1
4705	11.2	1
4706	11.4	1
4707	10.6	1
4708	10.3	1
4709	10.4	1
4710	11.9	1
4711	11.9	1
4712	10.4	1
4713	9.2	1
4714	11.3	1
4715	11.3	1
4716	11	1
4717	11.9	1
4718	12.9	1
4719	10.8	1
4720	9.1	1
4721	10.4	1
4722	12.9	1
4723	12.2	1
4724	9.2	1
4725	10.3	1
4726	11	1
4727	11	1
4728	11.7	1
4729	12	1
4730	12.7	1
4731	8.8	1
4732	11.3	1
4733	12.8	1
4734	11.2	1
4735	8.9	1
4736	11.2	1
4737	11.1	1
4738	10.8	1
4739	9.3	1
4740	8.9	1
4741	12.7	1
4742	12	1
4743	11.2	1
4744	8.8	1
4745	8.8	1
4746	8.8	1
4747	10.4	1
4748	8.8	1
4749	10.4	1
4750	14	1
4751	8.8	1
4752	13.1	1
4753	12.3	1
4754	12.6	1
4755	12	1
4756	9.5	1
4757	12	1
4758	12.7	1
4759	10.5	1
4760	12.9	1
4761	9.5	1
4762	12	1
4763	12.7	1
4764	11.9	1
4765	12	1
4766	12.5	1
4767	12.1	1
4768	12.5	1
4769	9.9	1
4770	10.7	1
4771	12	1
4772	12.2	1
4773	12.4	1
4774	12.4	1
4775	10.3	1
4776	12	1
4777	10.5	1
4778	9.5	1
4779	10.5	1
4780	12.3	1
4781	11.9	1
4782	9.8	1
4783	12.3	1
4784	11.4	1
4785	11	1
4786	10.8	1
4787	12.8	1
4788	11	1
4789	10.2	1
4790	12.5	1
4791	11.6	1
4792	11.9	1
4793	9.8	1
4794	11	1
4795	10.9	1
4796	11	1
4797	12.5	1
4798	11	1
4799	12	1
4800	12.4	1
4801	12.5	1
4802	12.8	1
4803	11	1
4804	9.1	1
4805	12.4	1
4806	12.9	1
4807	10.9	1
4808	10.8	1
4809	10.6	1
4810	9	1
4811	12	1
4812	11.8	1
4813	10.6	1
4814	12.3	1
4815	11.5	1
4816	11.1	1
4817	9	1
4818	9.9	1
4819	12.8	1
4820	12.9	1
4821	12.9	1
4822	12	1
4823	12	1
4824	11.2	1
4825	13.3	1
4826	9.9	1
4827	9.5	1
4828	9.4	1
4829	11	1
4830	9.4	1
4831	11.5	1
4832	12.5	1
4833	11.9	1
4834	10.4	1
4835	11.2	1
4836	12.5	1
4837	11	1
4838	9.8	1
4839	12.3	1
4840	11	1
4841	12.6	1
4842	11.6	1
4843	12.3	1
4844	13.4	1
4845	9.8	1
4846	11.5	1
4847	11.6	1
4848	11.1	1
4849	11	1
4850	11.3	1
4851	9.9	1
4852	12.6	1
4853	11.8	1
4854	11.4	1
4855	9.2	1
4856	9.2	1
4857	9.2	1
4858	9.2	1
4859	9.2	1
4860	9.2	1
4861	13	1
4862	9.3	1
4863	12.6	1
4864	9.6	1
4865	8	1
4866	11.8	1
4867	10.2	1
4868	12.7	1
4869	9.4	1
4870	10.2	1
4871	12	1
4872	11.3	1
4873	11.8	1
4874	10.9	1
4875	9.8	1
4876	12.2	1
4877	11.1	1
4878	9.4	1
4879	11.4	1
4880	10.2	1
4881	12.8	1
4882	10.1	1
4883	9.4	1
4884	12.2	1
4885	10.9	1
4886	10.9	1
4887	10.9	1
4888	9.4	1
4889	9.4	1
4890	11.4	1
4891	12.9	1
4892	9.4	1
4893	12	1
4894	10.1	1
4895	9.4	1
4896	9.4	1
4897	9.2	1
4898	11.8	1
4899	12.3	1
4900	11.4	1
4901	12.9	1
4902	12.3	1
4903	13.5	1
4904	12.8	1
4905	12.8	1
4906	12.8	1
4907	11	1
4908	10.6	1
4909	12.4	1
4910	12.9	1
4911	11.1	1
4912	12.9	1
4913	11.8	1
4914	9.1	1
4915	12.7	1
4916	12	1
4917	11.2	1
4918	12.4	1
4919	10.4	1
4920	10.4	1
4921	12.7	1
4922	12.5	1
4923	12	1
4924	11.6	1
4925	12.6	1
4926	10.2	1
4927	10.4	1
4928	11.5	1
4929	11	1
4930	10.1	1
4931	10.5	1
4932	12.1	1
4933	9.9	1
4934	11.4	1
4935	9.5	1
4936	9.5	1
4937	9.5	1
4938	10.9	1
4939	9.5	1
4940	12.6	1
4941	9.5	1
4942	11.1	1
4943	9.5	1
4944	9.5	1
4945	10.6	1
4946	10.6	1
4947	10.8	1
4948	10.9	1
4949	9.9	1
4950	11.3	1
4951	12.6	1
4952	12.5	1
4953	12.4	1
4954	11.8	1
4955	12.2	1
4956	10.7	1
4957	11.3	1
4958	12.5	1
4959	12.4	1
4960	11.3	1
4961	9.9	1
4962	11.3	1
4963	12.6	1
4964	11.5	1
4965	12.3	1
4966	12.2	1
4967	13.2	1
4968	10.2	1
4969	11.5	1
4970	13.2	1
4971	12.2	1
4972	11	1
4973	13.2	1
4974	9.5	1
4975	10.2	1
4976	10.2	1
4977	11.4	1
4978	12.5	1
4979	9.2	1
4980	12.1	1
4981	10.7	1
4982	12.1	1
4983	11.2	1
4984	10.6	1
4985	11.8	1
4986	12.5	1
4987	9.2	1
4988	12.6	1
4989	12.8	1
4990	12.3	1
4991	12.3	1
4992	12.4	1
4993	12.3	1
4994	9.1	1
4995	9.1	1
4996	10.6	1
4997	10.3	1
4998	9.5	1
4999	11.1	1
5000	10.8	1
5001	11.2	1
5002	10.8	1
5003	11.4	1
5004	11.2	1
5005	10.2	1
5006	11.1	1
5007	9.5	1
5008	10.2	1
5009	11	1
5010	11.5	1
5011	9.8	1
5012	10.1	1
5013	8.8	1
5014	11.5	1
5015	12.7	1
5016	9.8	1
5017	12.9	1
5018	9.8	1
5019	12.7	1
5020	8.5	1
5021	12.7	1
5022	13.1	1
5023	9.1	1
5024	12.5	1
5025	9.1	1
5026	9.1	1
5027	11.2	1
5028	12.5	1
5029	9.1	1
5030	9.1	1
5031	9.1	1
5032	11.5	1
5033	12.9	1
5034	12.5	1
5035	12.3	1
5036	11.4	1
5037	9.4	1
5038	9.1	1
5039	9.4	1
5040	12	1
5041	11.1	1
5042	11.8	1
5043	11.4	1
5044	9.1	1
5045	12.1	1
5046	10.4	1
5047	9.2	1
5048	13	1
5049	12.1	1
5050	11.5	1
5051	11.5	1
5052	10	1
5053	11.1	1
5054	12.4	1
5055	12.2	1
5056	10.6	1
5057	11.1	1
5058	13.9	1
5059	9.2	1
5060	10.5	1
5061	11.3	1
5062	12.9	1
5063	12.9	1
5064	9.6	1
5065	12.9	1
5066	12.9	1
5067	8.8	1
5068	13.2	1
5069	9.2	1
5070	11.3	1
5071	10.5	1
5072	10.5	1
5073	12.6	1
5074	9.5	1
5075	9.8	1
5076	13.4	1
5077	11.8	1
5078	9.8	1
5079	13.1	1
5080	12.6	1
5081	10.4	1
5082	13.4	1
5083	13	1
5084	13.4	1
5085	10.2	1
5086	11.7	1
5087	9.5	1
5088	11.7	1
5089	11.4	1
5090	11.8	1
5091	11.2	1
5092	13	1
5093	13	1
5094	10.9	1
5095	11.6	1
5096	11.3	1
5097	12	1
5098	10.5	1
5099	13.1	1
5100	13	1
5101	10.9	1
5102	9.1	1
5103	13.4	1
5104	11.5	1
5105	11.2	1
5106	10.9	1
5107	13.5	1
5108	9.1	1
5109	9.9	1
5110	10.5	1
5111	11.7	1
5112	11	1
5113	13	1
5114	13.6	1
5115	12.3	1
5116	13.3	1
5117	13.7	1
5118	11.1	1
5119	13.4	1
5120	9.1	1
5121	11.3	1
5122	9.4	1
5123	9.1	1
5124	11.6	1
5125	11.6	1
5126	12.4	1
5127	9.8	1
5128	11.1	1
5129	13.1	1
5130	9.7	1
5131	9.2	1
5132	11.7	1
5133	10.6	1
5134	9.7	1
5135	9.2	1
5136	10.9	1
5137	10.1	1
5138	12.2	1
5139	12.7	1
5140	13	1
5141	11.2	1
5142	9.4	1
5143	11	1
5144	11	1
5145	9.2	1
5146	9.4	1
5147	9.2	1
5148	12.3	1
5149	11	1
5150	10	1
5151	9	1
5152	9	1
5153	9	1
5154	11.1	1
5155	9.9	1
5156	12.2	1
5157	11.1	1
5158	9	1
5159	11.8	1
5160	12.9	1
5161	9	1
5162	12.4	1
5163	9	1
5164	12.9	1
5165	11.2	1
5166	12.6	1
5167	11.5	1
5168	11.3	1
5169	11.2	1
5170	11.5	1
5171	10.5	1
5172	12.6	1
5173	11.9	1
5174	10.1	1
5175	11	1
5176	10.6	1
5177	11.3	1
5178	11.2	1
5179	11.5	1
5180	11.1	1
5181	12.8	1
5182	12.3	1
5183	10.4	1
5184	11.5	1
5185	11.7	1
5186	10.7	1
5187	9.5	1
5188	9.5	1
5189	9.5	1
5190	12	1
5191	10.8	1
5192	10.7	1
5193	10.7	1
5194	10.7	1
5195	12.1	1
5196	11.9	1
5197	10.8	1
5198	12.3	1
5199	9.4	1
5200	9.9	1
5201	10.4	1
5202	10.4	1
5203	12.6	1
5204	12.5	1
5205	9.4	1
5206	9.2	1
5207	11.2	1
5208	9.2	1
5209	9.2	1
5210	9.4	1
5211	11.2	1
5212	10.8	1
5213	9.2	1
5214	9.2	1
5215	12.5	1
5216	9.3	1
5217	11.4	1
5218	10	1
5219	10.6	1
5220	10.7	1
5221	10	1
5222	12.5	1
5223	10.6	1
5224	12.8	1
5225	9.3	1
5226	11.4	1
5227	9.5	1
5228	9.5	1
5229	9.5	1
5230	10.8	1
5231	10.8	1
5232	8.8	1
5233	10.8	1
5234	11	1
5235	12.4	1
5236	11.3	1
5237	11.2	1
5238	12.5	1
5239	10	1
5240	11	1
5241	10.5	1
5242	10.5	1
5243	11	1
5244	11.4	1
5245	11.3	1
5246	12.2	1
5247	12.6	1
5248	11.1	1
5249	12.3	1
5250	10.4	1
5251	8.8	1
5252	9.5	1
5253	8.8	1
5254	10.4	1
5255	13	1
5256	12.2	1
5257	10.5	1
5258	10.8	1
5259	13.2	1
5260	13	1
5261	10	1
5262	10.4	1
5263	12.4	1
5264	12.9	1
5265	13.2	1
5266	10.5	1
5267	13	1
5268	11.2	1
5269	12.7	1
5270	9.4	1
5271	12.9	1
5272	13	1
5273	13.6	1
5274	9.1	1
5275	10.4	1
5276	13.6	1
5277	12.2	1
5278	8.7	1
5279	10.5	1
5280	10.2	1
5281	12.5	1
5282	11.3	1
5283	10.2	1
5284	12.6	1
5285	10.2	1
5286	9.8	1
5287	10.8	1
5288	12.5	1
5289	12.5	1
5290	11.5	1
5291	11.4	1
5292	10.5	1
5293	12.6	1
5294	8.7	1
5295	11	1
5296	11.3	1
5297	10.2	1
5298	11.6	1
5299	9.8	1
5300	10.1	1
5301	9.2	1
5302	9.1	1
5303	9.1	1
5304	9.1	1
5305	9.1	1
5306	11.7	1
5307	12.6	1
5308	9	1
5309	10.1	1
5310	13.6	1
5311	9.1	1
5312	9.2	1
5313	8.8	1
5314	10	1
5315	9.1	1
5316	11.2	1
5317	9.2	1
5318	9.2	1
5319	9.5	1
5320	11.9	1
5321	9.8	1
5322	9.8	1
5323	10.8	1
5324	11.3	1
5325	12.1	1
5326	11.3	1
5327	10.8	1
5328	13.5	1
5329	10.3	1
5330	9	1
5331	11.6	1
5332	10.3	1
5333	12.5	1
5334	8.6	1
5335	13.4	1
5336	12.7	1
5337	9.2	1
5338	10.2	1
5339	9	1
5340	9	1
5341	9	1
5342	9	1
5343	9	1
5344	9	1
5345	9	1
5346	11.9	1
5347	9	1
5348	9	1
5349	11	1
5350	9	1
5351	10	1
5352	10.7	1
5353	10.7	1
5354	13.4	1
5355	11	1
5356	10	1
5357	10.7	1
5358	10.7	1
5359	11	1
5360	11	1
5361	11.1	1
5362	10.9	1
5363	11.5	1
5364	13.4	1
5365	9.4	1
5366	9.4	1
5367	9.4	1
5368	10.6	1
5369	9.4	1
5370	12	1
5371	10.2	1
5372	10.6	1
5373	13.5	1
5374	9.7	1
5375	12.2	1
5376	12.3	1
5377	12.2	1
5378	11.4	1
5379	12.7	1
5380	9.7	1
5381	10.8	1
5382	11	1
5383	9.5	1
5384	10.1	1
5385	13.2	1
5386	8.8	1
5387	9.5	1
5388	9.5	1
5389	9.5	1
5390	9.5	1
5391	9.5	1
5392	10.4	1
5393	9.9	1
5394	10	1
5395	10.1	1
5396	9.4	1
5397	9.3	1
5398	10.9	1
5399	11.4	1
5400	10.3	1
5401	11	1
5402	10.9	1
5403	10.8	1
5404	10.3	1
5405	11	1
5406	9.3	1
5407	10.2	1
5408	10.2	1
5409	10.8	1
5410	10.5	1
5411	11.1	1
5412	10.9	1
5413	11.4	1
5414	10.3	1
5415	12.9	1
5416	9.9	1
5417	11.3	1
5418	11.5	1
5419	11.5	1
5420	10.7	1
5421	10.4	1
5422	12.5	1
5423	9.5	1
5424	11.3	1
5425	13	1
5426	11.5	1
5427	11.5	1
5428	11.3	1
5429	13.2	1
5430	11.5	1
5431	9.6	1
5432	9.6	1
5433	9.7	1
5434	9.2	1
5435	8.4	1
5436	12.4	1
5437	12.4	1
5438	9.2	1
5439	8.4	1
5440	11.7	1
5441	11	1
5442	11.9	1
5443	13.2	1
5444	11.7	1
5445	9.1	1
5446	12.6	1
5447	9.1	1
5448	10.5	1
5449	10.6	1
5450	12.6	1
5451	13.7	1
5452	12	1
5453	12.5	1
5454	12.1	1
5455	11.3	1
5456	12	1
5457	10.3	1
5458	12.7	1
5459	9.2	1
5460	9.2	1
5461	9.5	1
5462	10.1	1
5463	10.1	1
5464	13	1
5465	13.1	1
5466	11	1
5467	9.2	1
5468	9.4	1
5469	9.5	1
5470	10.2	1
5471	10.1	1
5472	8.6	1
5473	9	1
5474	9.6	1
5475	9.9	1
5476	10.5	1
5477	11.4	1
5478	9.4	1
5479	11.1	1
5480	8.9	1
5481	8.9	1
5482	10.8	1
5483	12.2	1
5484	8.9	1
5485	12.5	1
5486	12.2	1
5487	12.5	1
5488	8.9	1
5489	10.8	1
5490	11.4	1
5491	10.8	1
5492	10.6	1
5493	9.2	1
5494	12.2	1
5495	12.3	1
5496	10.4	1
5497	10.4	1
5498	11	1
5499	10.6	1
5500	9.2	1
5501	13.5	1
5502	11.4	1
5503	11.5	1
5504	14	1
5505	12.5	1
5506	12.5	1
5507	12.8	1
5508	11.2	1
5509	11.2	1
5510	13.6	1
5511	9.2	1
5512	12.5	1
5513	11.1	1
5514	11.2	1
5515	14	1
5516	13.6	1
5517	9.4	1
5518	14.2	1
5519	13.2	1
5520	11.2	1
5521	10.2	1
5522	12.8	1
5523	10.1	1
5524	10.1	1
5525	10.3	1
5526	9.9	1
5527	11.5	1
5528	9	1
5529	9	1
5530	12.1	1
5531	13.3	1
5532	11.5	1
5533	11	1
5534	10.7	1
5535	9.4	1
5536	10.3	1
5537	9.3	1
5538	12	1
5539	11	1
5540	9.3	1
5541	10.1	1
5542	11.1	1
5543	9.9	1
5544	11	1
5545	11	1
5546	12.5	1
5547	12.7	1
5548	9.3	1
5549	9.3	1
5550	10.1	1
5551	8.8	1
5552	11.2	1
5553	10.8	1
5554	8.8	1
5555	11.2	1
5556	10.3	1
5557	12	1
5558	9.5	1
5559	9.5	1
5560	9.8	1
5561	9	1
5562	13	1
5563	11.8	1
5564	8.8	1
5565	11.2	1
5566	9.5	1
5567	9.4	1
5568	9.5	1
5569	10.4	1
5570	9.8	1
5571	10.4	1
5572	10.3	1
5573	9.4	1
5574	9.5	1
5575	11.9	1
5576	12.8	1
5577	13	1
5578	10.4	1
5579	10.4	1
5580	10.7	1
5581	10.7	1
5582	11.9	1
5583	10.4	1
5584	12.8	1
5585	9.9	1
5586	9.9	1
5587	9.4	1
5588	11.4	1
5589	9.9	1
5590	9.4	1
5591	9.2	1
5592	10.5	1
5593	11	1
5594	11	1
5595	12.1	1
5596	11	1
5597	12.8	1
5598	10.5	1
5599	10.5	1
5600	10.5	1
5601	9.5	1
5602	9.2	1
5603	11.1	1
5604	12.3	1
5605	11.1	1
5606	12.6	1
5607	9.5	1
5608	9.2	1
5609	10.8	1
5610	11.3	1
5611	12.8	1
5612	10.5	1
5613	9.8	1
5614	8.5	1
5615	9.3	1
5616	9.2	1
5617	11.4	1
5618	8.5	1
5619	9.3	1
5620	8.4	1
5621	9.2	1
5622	9.2	1
5623	10.4	1
5624	11.6	1
5625	12.4	1
5626	10.4	1
5627	9.3	1
5628	12.2	1
5629	11	1
5630	11.4	1
5631	9.5	1
5632	9.2	1
5633	11.1	1
5634	9.2	1
5635	11	1
5636	9.9	1
5637	9.9	1
5638	9.5	1
5639	12.4	1
5640	9.4	1
5641	9.3	1
5642	8.7	1
5643	8.7	1
5644	8.7	1
5645	8.7	1
5646	9	1
5647	10.7	1
5648	10.7	1
5649	11.3	1
5650	8.7	1
5651	11.7	1
5652	9.3	1
5653	8.7	1
5654	9	1
5655	11.7	1
5656	10.7	1
5657	11.4	1
5658	10.7	1
5659	11.3	1
5660	10	1
5661	10	1
5662	11.2	1
5663	9.7	1
5664	12.5	1
5665	12.9	1
5666	11.8	1
5667	10.6	1
5668	11.8	1
5669	10.7	1
5670	9.9	1
5671	12	1
5672	10.4	1
5673	8.5	1
5674	9.9	1
5675	9.4	1
5676	10.4	1
5677	11	1
5678	11	1
5679	10.4	1
5680	9.8	1
5681	9.4	1
5682	10.6	1
5683	10.1	1
5684	11.5	1
5685	11.4	1
5686	9.2	1
5687	9.7	1
5688	11.3	1
5689	9.6	1
5690	8.9	1
5691	10	1
5692	9.2	1
5693	9	1
5694	12.8	1
5695	9	1
5696	9.5	1
5697	10	1
5698	11	1
5699	9.2	1
5700	10.6	1
5701	10	1
5702	10	1
5703	11.7	1
5704	12.5	1
5705	11.1	1
5706	9.7	1
5707	12.3	1
5708	12.2	1
5709	11.3	1
5710	11.6	1
5711	11.3	1
5712	11.1	1
5713	11.2	1
5714	11.3	1
5715	12	1
5716	8.8	1
5717	8.8	1
5718	12	1
5719	12	1
5720	9	1
5721	9.3	1
5722	8.7	1
5723	12.8	1
5724	11.5	1
5725	10	1
5726	10	1
5727	10.3	1
5728	10.4	1
5729	13.4	1
5730	11.2	1
5731	9.1	1
5732	9.1	1
5733	10.8	1
5734	12.5	1
5735	11.3	1
5736	12.8	1
5737	9.1	1
5738	12.7	1
5739	11	1
5740	10.4	1
5741	10.4	1
5742	10.7	1
5743	10.9	1
5744	10.4	1
5745	10.4	1
5746	9.7	1
5747	11	1
5748	9.6	1
5749	13.9	1
5750	9.4	1
5751	12.5	1
5752	9.6	1
5753	9.5	1
5754	9.6	1
5755	9.5	1
5756	9.6	1
5757	8.7	1
5758	8.7	1
5759	8.7	1
5760	8.7	1
5761	8.7	1
5762	8.7	1
5763	10.4	1
5764	10.7	1
5765	12	1
5766	12.1	1
5767	13.1	1
5768	12.4	1
5769	12.6	1
5770	8.7	1
5771	12	1
5772	11.6	1
5773	9.3	1
5774	9.3	1
5775	11.1	1
5776	10.2	1
5777	10.6	1
5778	11.3	1
5779	9.4	1
5780	9.3	1
5781	11.1	1
5782	9.9	1
5783	11.8	1
5784	12.6	1
5785	9.4	1
5786	10.5	1
5787	12.3	1
5788	11.3	1
5789	9.6	1
5790	12	1
5791	11.2	1
5792	10.2	1
5793	12.4	1
5794	10.2	1
5795	13.4	1
5796	12.6	1
5797	9.8	1
5798	9.1	1
5799	12.4	1
5800	12.5	1
5801	11.7	1
5802	12.9	1
5803	10.1	1
5804	10.3	1
5805	11.7	1
5806	10.3	1
5807	10.8	1
5808	11.2	1
5809	11.8	1
5810	9.8	1
5811	10	1
5812	8.8	1
5813	10.1	1
5814	9.5	1
5815	9.5	1
5816	9.5	1
5817	9.2	1
5818	12.2	1
5819	9.5	1
5820	11.3	1
5821	12.1	1
5822	9.2	1
5823	11.2	1
5824	12.5	1
5825	10.6	1
5826	10.4	1
5827	10.1	1
5828	9.9	1
5829	11	1
5830	10	1
5831	12.7	1
5832	12.1	1
5833	10.4	1
5834	10.4	1
5835	9.2	1
5836	9.2	1
5837	10.5	1
5838	9.2	1
5839	11.9	1
5840	10.1	1
5841	11.1	1
5842	10.8	1
5843	11.8	1
5844	9.2	1
5845	9.2	1
5846	12.3	1
5847	10.1	1
5848	11.4	1
5849	10.4	1
5850	9.8	1
5851	9.9	1
5852	9.8	1
5853	11.2	1
5854	10.9	1
5855	9.2	1
5856	9.2	1
5857	12	1
5858	12.1	1
5859	12.4	1
5860	11.2	1
5861	12.7	1
5862	12.2	1
5863	12.2	1
5864	12.2	1
5865	11.2	1
5866	12.7	1
5867	12.7	1
5868	12.1	1
5869	9.4	1
5870	10.1	1
5871	9.4	1
5872	8.9	1
5873	8.9	1
5874	8.9	1
5875	8.9	1
5876	13	1
5877	10.3	1
5878	10.1	1
5879	10.5	1
5880	8.9	1
5881	10.1	1
5882	10.1	1
5883	11	1
5884	11	1
5885	11	1
5886	11	1
5887	10	1
5888	10.5	1
5889	9.7	1
5890	10.1	1
5891	9.4	1
5892	11.2	1
5893	9.4	1
5894	10.8	1
5895	9.4	1
5896	11.2	1
5897	11	1
5898	12.4	1
5899	9.4	1
5900	9.4	1
5901	9.5	1
5902	10	1
5903	12.5	1
5904	10.9	1
5905	10.5	1
5906	10.8	1
5907	11	1
5908	11.8	1
5909	12.6	1
5910	10.2	1
5911	12	1
5912	12.5	1
5913	11.5	1
5914	11.94	1
5915	12.89333333	1
5916	9.4	1
5917	12.2	1
5918	11.94	1
5919	12.89333333	1
5920	9.5	1
5921	10.6	1
5922	10.5	1
5923	11.46666667	1
5924	11.4	1
5925	9.5	1
5926	9.2	1
5927	9.5	1
5928	10.98	1
5929	9.4	1
5930	9.5	1
5931	9.2	1
5932	8.8	1
5933	8.8	1
5934	8.8	1
5935	8.8	1
5936	8.8	1
5937	8.8	1
5938	8.8	1
5939	10.4	1
5940	8.8	1
5941	10.03333333	1
5942	11.3	1
5943	10.4	1
5944	9.2	1
5945	11.1	1
5946	9.2	1
5947	11.3	1
5948	9.1	1
5949	9.4	1
5950	13.2	1
5951	12.7	1
5952	10.7	1
5953	11.43333333	1
5954	11.1	1
5955	12.7	1
5956	10.53333333	1
5957	11.6	1
5958	9.533333333	1
5959	9.8	1
5960	10.7	1
5961	12	1
5962	12.8	1
5963	9.5	1
5964	10.93333333	1
5965	9.1	1
5966	12.6	1
5967	9.5	1
5968	10.9	1
5969	10.93333333	1
5970	9.6	1
5971	9.3	1
5972	11.36666667	1
5973	12.5	1
5974	9.5	1
5975	11	1
5976	9.4	1
5977	11.33333333	1
5978	8.8	1
5979	9.4	1
5980	11.06666667	1
5981	12.2	1
5982	11	1
5983	11.33333333	1
5984	9.5	1
5985	9.5	1
5986	11	1
5987	11.2	1
5988	9.3	1
5989	10.8	1
5990	9.2	1
5991	9.4	1
5992	9.2	1
5993	10.5	1
5994	10.8	1
5995	9.4	1
5996	9.8	1
5997	9.8	1
5998	9.8	1
5999	9.4	1
6000	9.8	1
6001	12.1	1
6002	12.3	1
6003	9.733333333	1
6004	9.4	1
6005	9.4	1
6006	12.8	1
6007	11.05	1
6008	9.4	1
6009	12.8	1
6010	9.733333333	1
6011	13.1	1
6012	11.5	1
6013	13.1	1
6014	11.5	1
6015	9.1	1
6016	9.75	1
6017	10.5	1
6018	8.8	1
6019	8.8	1
6020	8.8	1
6021	8.8	1
6022	10.5	1
6023	10.5	1
6024	8.8	1
6025	9.9	1
6026	9.9	1
6027	9.9	1
6028	12.2	1
6029	10.8	1
6030	8.7	1
6031	13.2	1
6032	12.7	1
6033	9.4	1
6034	11.2	1
6035	11.33333333	1
6036	11.9	1
6037	11.35	1
6038	10.5	1
6039	9.8	1
6040	9.1	1
6041	12.4	1
6042	9.1	1
6043	9.8	1
6044	11.3	1
6045	11.3	1
6046	13.1	1
6047	12.5	1
6048	10.3	1
6049	10.7	1
6050	10.4	1
6051	9.5	1
6052	9.8	1
6053	12.5	1
6054	9.4	1
6055	9	1
6056	9	1
6057	9	1
6058	13	1
6059	9.9	1
6060	9.4	1
6061	10.6	1
6062	13.4	1
6063	12.5	1
6064	9.3	1
6065	9.3	1
6066	11	1
6067	10.3	1
6068	11.3	1
6069	10.9	1
6070	11.3	1
6071	12.1	1
6072	11.1	1
6073	9.8	1
6074	10.1	1
6075	12.4	1
6076	12.7	1
6077	9.6	1
6078	9.6	1
6079	9.1	1
6080	12.8	1
6081	9.6	1
6082	12.4	1
6083	9.55	1
6084	9.1	1
6085	12.5	1
6086	9.9	1
6087	11.2	1
6088	13	1
6089	13	1
6090	11.7	1
6091	13.1	1
6092	12	1
6093	10.55	1
6094	11.45	1
6095	10.2	1
6096	11.45	1
6097	9.3	1
6098	10.8	1
6099	12.2	1
6100	11	1
6101	10.4	1
6102	11.4	1
6103	14.05	1
6104	10.7	1
6105	10.2	1
6106	11.2	1
6107	12.33333333	1
6108	11.5	1
6109	9.5	1
6110	13.4	1
6111	12.5	1
6112	12.5	1
6113	11.2	1
6114	8.8	1
6115	11.2	1
6116	12.7	1
6117	9.8	1
6118	9.8	1
6119	11.7	1
6120	9.8	1
6121	9.6	1
6122	9.8	1
6123	9.7	1
6124	10	1
6125	11.7	1
6126	12.3	1
6127	9.8	1
6128	9	1
6129	9.1	1
6130	9.1	1
6131	9.1	1
6132	11.4	1
6133	10.5	1
6134	12.4	1
6135	9.1	1
6136	9.1	1
6137	10.1	1
6138	10.9	1
6139	11.05	1
6140	12.75	1
6141	12.7	1
6142	11.1	1
6143	11.1	1
6144	12.75	1
6145	13	1
6146	12	1
6147	11.5	1
6148	10.5	1
6149	11.1	1
6150	11.1	1
6151	11.1	1
6152	13.1	1
6153	12.75	1
6154	12.7	1
6155	9.6	1
6156	11.7	1
6157	9.7	1
6158	10.9	1
6159	10.7	1
6160	13.8	1
6161	12.15	1
6162	10.8	1
6163	10.7	1
6164	10.8	1
6165	10.8	1
6166	12	1
6167	10.8	1
6168	12.2	1
6169	9.4	1
6170	11.4	1
6171	12.5	1
6172	13.05	1
6173	12.4	1
6174	12.9	1
6175	12	1
6176	11.3	1
6177	10	1
6178	11.8	1
6179	9.4	1
6180	8.8	1
6181	11.1	1
6182	10.5	1
6183	9.3	1
6184	11.4	1
6185	11.8	1
6186	12.4	1
6187	11.6	1
6188	11.1	1
6189	12.4	1
6190	11.1	1
6191	11	1
6192	12.2	1
6193	11	1
6194	12.9	1
6195	10.9	1
6196	13.4	1
6197	10.7	1
6198	11	1
6199	11.4	1
6200	10.2	1
6201	11	1
6202	9.1	1
6203	11	1
6204	11.5	1
6205	12	1
6206	11.2	1
6207	11.2	1
6208	12.6	1
6209	11	1
6210	10.8	1
6211	10.9	1
6212	9.8	1
6213	9.8	1
6214	9.5	1
6215	11.26666667	1
6216	10.8	1
6217	13.4	1
6218	11.3	1
6219	8.9	1
6220	11.2	1
6221	11.5	1
6222	13	1
6223	12.6	1
6224	13.1	1
6225	11.2	1
6226	11.7	1
6227	10.9	1
6228	10.9	1
6229	11.6	1
6230	10.4	1
6231	10.9	1
6232	11.7	1
6233	10.8	1
6234	11.2	1
6235	10	1
6236	10.56666667	1
6237	11.73333333	1
6238	10.6	1
6239	10.5	1
6240	11.75	1
6241	11.4	1
6242	12.4	1
6243	10.1	1
6244	12.3	1
6245	13.1	1
6246	10.65	1
6247	11.4	1
6248	9.3	1
6249	10.2	1
6250	10.2	1
6251	13.1	1
6252	9.6	1
6253	12.8	1
6254	10.96666667	1
6255	10.96666667	1
6256	10.96666667	1
6257	11	1
6258	13.4	1
6259	11.2	1
6260	12.4	1
6261	11.2	1
6262	12.4	1
6263	10.13333333	1
6264	10.13333333	1
6265	12.4	1
6266	9.1	1
6267	10.15	1
6268	10.15	1
6269	11.5	1
6270	8.9	1
6271	10.46666667	1
6272	10.46666667	1
6273	11.8	1
6274	11.63333333	1
6275	10.6	1
6276	9.6	1
6277	11.8	1
6278	8.9	1
6279	10.5	1
6280	10.2	1
6281	13.1	1
6282	11.8	1
6283	12.2	1
6284	11.45	1
6285	10.5	1
6286	10.2	1
6287	9	1
6288	9	1
6289	9	1
6290	9	1
6291	9.1	1
6292	8.8	1
6293	9	1
6294	9.1	1
6295	12.9	1
6296	13	1
6297	12.9	1
6298	9.2	1
6299	9.8	1
6300	9.8	1
6301	10.1	1
6302	10.1	1
6303	10.9	1
6304	9.6	1
6305	10.4	1
6306	11.8	1
6307	10.8	1
6308	10.6	1
6309	12.7	1
6310	12.2	1
6311	10.8	1
6312	10.4	1
6313	11.1	1
6314	11.8	1
6315	10	1
6316	10.8	1
6317	10.3	1
6318	9.9	1
6319	10	1
6320	12.25	1
6321	10.2	1
6322	9.4	1
6323	9.7	1
6324	10.2	1
6325	10.4	1
6326	12.2	1
6327	9.4	1
6328	10.6	1
6329	10.7	1
6330	11.85	1
6331	11.7	1
6332	11.7	1
6333	10.15	1
6334	11.63333333	1
6335	10.8	1
6336	10.8	1
6337	12.3	1
6338	12.5	1
6339	11.65	1
6340	9.6	1
6341	10.9	1
6342	10.8	1
6343	11.2	1
6344	10	1
6345	10.5	1
6346	9.1	1
6347	10.5	1
6348	9.3	1
6349	9.3	1
6350	11.2	1
6351	10.6	1
6352	12.1	1
6353	12	1
6354	9.7	1
6355	12.4	1
6356	13.6	1
6357	13.6	1
6358	11.8	1
6359	10	1
6360	10	1
6361	9.1	1
6362	11.9	1
6363	11.75	1
6364	11.4	1
6365	13	1
6366	12.4	1
6367	9.4	1
6368	9.6	1
6369	9.6	1
6370	9.6	1
6371	9.6	1
6372	9.1	1
6373	12	1
6374	11.2	1
6375	10.1	1
6376	10.3	1
6377	12.3	1
6378	10.55	1
6379	10.9	1
6380	9.7	1
6381	9.8	1
6382	8.9	1
6383	8.9	1
6384	10.2	1
6385	11.7	1
6386	12.8	1
6387	12.8	1
6388	10.2	1
6389	13.55	1
6390	11.6	1
6391	8.9	1
6392	13.8	1
6393	9.4	1
6394	9.4	1
6395	10.7	1
6396	10.7	1
6397	12.3	1
6398	10.3	1
6399	10.4	1
6400	11.6	1
6401	10.7	1
6402	12.8	1
6403	11.9	1
6404	12.1	1
6405	9.2	1
6406	9.5	1
6407	11	1
6408	10.9	1
6409	10.4	1
6410	9.1	1
6411	11.4	1
6412	11.4	1
6413	9.7	1
6414	12.4	1
6415	13.7	1
6416	10.6	1
6417	11.2	1
6418	13.13333333	1
6419	12.4	1
6420	9.7	1
6421	11	1
6422	11.3	1
6423	12	1
6424	9.2	1
6425	10.7	1
6426	10.7	1
6427	11.4	1
6428	9.2	1
6429	12.1	1
6430	11.1	1
6431	9.7	1
6432	10.7	1
6433	10.9	1
6434	12	1
6435	10.6	1
6436	9.6	1
6437	13.1	1
6438	11	1
6439	11.6	1
6440	11.95	1
6441	11.1	1
6442	11.5	1
6443	11.3	1
6444	11.9	1
6445	9.5	1
6446	12.2	1
6447	12.2	1
6448	11.1	1
6449	9.6	1
6450	11.1	1
6451	9.6	1
6452	11.4	1
6453	11.4	1
6454	12.06666667	1
6455	9	1
6456	9	1
6457	11.4	1
6458	9.6	1
6459	11	1
6460	11	1
6461	11.2	1
6462	11.55	1
6463	13.3	1
6464	9.633333333	1
6465	13.6	1
6466	11.2	1
6467	13	1
6468	10.8	1
6469	9.8	1
6470	11.45	1
6471	12.05	1
6472	9.7	1
6473	11.9	1
6474	10	1
6475	9.7	1
6476	11.6	1
6477	8.8	1
6478	9.5	1
6479	9.533333333	1
6480	9.533333333	1
6481	9.4	1
6482	10.7	1
6483	11.5	1
6484	9.6	1
6485	9.55	1
6486	12.15	1
6487	13	1
6488	9.2	1
6489	9.4	1
6490	11.8	1
6491	10.6	1
6492	9.7	1
6493	11.2	1
6494	9.6	1
6495	9.4	1
6496	12.8	1
6497	11.8	1
